player_id,balls_bowled,runs_conceded,wickets,overs_bowled,balls_pp,runs_pp,wickets_pp,balls_middle,runs_middle,wickets_middle,balls_death,runs_death,wickets_death,pace_count,spin_count,eco_overall,eco_pp,eco_middle,eco_death,sr_overall,wk_rate,pct_pace
305,249,252,0,41.3,44,58,0,177,165,0,28,29,0,0,249,6.072289156626505,7.909090909090908,5.59322033898305,6.214285714285715,0,0.0,0.0
4900,249,330,0,41.3,25,46,0,181,241,0,43,43,0,0,249,7.951807228915663,11.040000000000001,7.988950276243094,6.0,0,0.0,0.0
2417,271,281,0,45.1,99,105,0,166,167,0,6,9,0,0,271,6.22140221402214,6.363636363636363,6.0361445783132535,9.0,0,0.0,0.0
2261,501,694,0,83.3,61,80,0,225,264,0,215,350,0,501,0,8.311377245508982,7.868852459016393,7.04,9.767441860465116,0,0.0,1.0
3644,474,482,0,79.0,12,13,0,411,417,0,51,52,0,0,474,6.101265822784811,6.5,6.087591240875913,6.117647058823529,0,0.0,0.0
3330,834,1044,0,139.0,345,434,0,358,415,0,131,195,0,834,0,7.510791366906474,7.547826086956522,6.955307262569833,8.931297709923664,0,0.0,1.0
2334,119,163,0,19.5,18,21,0,55,61,0,46,81,0,119,0,8.218487394957982,7.0,6.654545454545454,10.565217391304348,0,0.0,1.0
2633,276,344,0,46.0,65,80,0,115,125,0,96,139,0,276,0,7.478260869565217,7.384615384615385,6.521739130434782,8.6875,0,0.0,1.0
6464,1061,1380,0,176.5,567,684,0,86,124,0,408,572,0,1061,0,7.803958529688973,7.238095238095237,8.651162790697674,8.411764705882351,0,0.0,1.0
3275,192,270,0,32.0,87,143,0,56,79,0,49,48,0,192,0,8.4375,9.862068965517242,8.464285714285715,5.877551020408163,0,0.0,1.0
4641,76,119,0,12.4,35,38,0,13,25,0,28,56,0,76,0,9.394736842105264,6.514285714285714,11.538461538461538,12.0,0,0.0,1.0
4489,76,155,0,12.4,19,48,0,25,57,0,32,50,0,76,0,12.236842105263158,15.157894736842104,13.68,9.375,0,0.0,1.0
2876,993,1146,0,165.3,248,313,0,639,718,0,106,115,0,0,993,6.924471299093655,7.572580645161291,6.741784037558686,6.5094339622641515,0,0.0,0.0
479,104,130,0,17.2,0,0,0,90,113,0,14,17,0,0,104,7.5,0.0,7.533333333333333,7.285714285714285,0,0.0,0.0
19316,185,263,0,30.5,81,112,0,54,83,0,50,68,0,0,185,8.529729729729729,8.296296296296296,9.222222222222221,8.16,0,0.0,0.0
7920,225,293,0,37.3,85,116,0,54,64,0,86,113,0,225,0,7.813333333333333,8.188235294117646,7.111111111111111,7.883720930232558,0,0.0,1.0
1612,635,809,0,105.5,111,142,0,465,569,0,59,98,0,0,635,7.644094488188976,7.675675675675675,7.341935483870968,9.966101694915254,0,0.0,0.0
830,97,135,0,16.1,66,83,0,18,31,0,13,21,0,97,0,8.350515463917525,7.545454545454545,10.333333333333334,9.692307692307693,0,0.0,1.0
3653,417,594,0,69.3,181,204,0,114,165,0,122,225,0,417,0,8.546762589928058,6.762430939226519,8.68421052631579,11.065573770491802,0,0.0,1.0
4409,33,41,0,5.3,13,15,0,13,16,0,7,10,0,33,0,7.454545454545455,6.9230769230769225,7.384615384615385,8.571428571428571,0,0.0,1.0
7503,738,875,0,123.0,123,156,0,504,561,0,111,158,0,0,738,7.1138211382113825,7.609756097560975,6.678571428571429,8.54054054054054,0,0.0,0.0
5892,37,78,0,6.1,6,14,0,12,24,0,19,40,0,37,0,12.648648648648647,14.0,12.0,12.631578947368421,0,0.0,1.0
1813,259,376,0,43.1,151,205,0,48,80,0,60,91,0,259,0,8.71042471042471,8.14569536423841,10.0,9.1,0,0.0,1.0
4460,39,56,0,6.3,0,0,0,39,56,0,0,0,0,0,39,8.615384615384615,0.0,8.615384615384615,0.0,0,0.0,0.0
7689,123,191,0,20.3,67,78,0,25,53,0,31,60,0,123,0,9.317073170731707,6.985074626865671,12.72,11.612903225806452,0,0.0,1.0
3298,124,202,0,20.4,81,131,0,19,18,0,24,53,0,124,0,9.774193548387098,9.703703703703704,5.684210526315789,13.25,0,0.0,1.0
4201,48,77,0,8.0,24,19,0,6,14,0,18,44,0,48,0,9.625,4.75,14.0,14.666666666666668,0,0.0,1.0
19781,7,12,0,1.1,0,0,0,7,12,0,0,0,0,7,0,10.285714285714285,0.0,10.285714285714285,0.0,0,0.0,1.0
47,6,6,0,1.0,0,0,0,0,0,0,6,6,0,6,0,6.0,0.0,0.0,6.0,0,0.0,1.0
1596,39,77,0,6.3,24,49,0,7,10,0,8,18,0,0,39,11.846153846153847,12.25,8.571428571428571,13.5,0,0.0,0.0
6160,203,288,0,33.5,51,64,0,126,175,0,26,49,0,203,0,8.51231527093596,7.529411764705882,8.333333333333332,11.307692307692307,0,0.0,1.0
6097,99,131,0,16.3,18,29,0,51,54,0,30,48,0,99,0,7.9393939393939394,9.666666666666668,6.352941176470589,9.600000000000001,0,0.0,1.0
1389,76,158,0,12.4,33,83,0,27,40,0,16,35,0,76,0,12.473684210526315,15.09090909090909,8.88888888888889,13.125,0,0.0,1.0
6518,33,50,0,5.3,13,13,0,8,20,0,12,17,0,33,0,9.09090909090909,6.0,15.0,8.5,0,0.0,1.0
6256,553,631,0,92.1,127,132,0,354,430,0,72,69,0,0,553,6.846292947558769,6.2362204724409445,7.288135593220339,5.75,0,0.0,0.0
3282,25,52,0,4.1,6,15,0,19,37,0,0,0,0,0,25,12.48,15.0,11.68421052631579,0.0,0,0.0,0.0
2439,68,77,0,11.2,19,37,0,42,35,0,7,5,0,0,68,6.794117647058823,11.68421052631579,5.0,4.285714285714286,0,0.0,0.0
360,610,645,0,101.4,387,338,0,61,81,0,162,226,0,610,0,6.3442622950819665,5.24031007751938,7.967213114754098,8.37037037037037,0,0.0,1.0
2407,18,19,0,3.0,0,0,0,18,19,0,0,0,0,0,18,6.333333333333334,0.0,6.333333333333334,0.0,0,0.0,0.0
7690,62,84,0,10.2,26,41,0,36,43,0,0,0,0,0,62,8.129032258064516,9.461538461538462,7.166666666666666,0.0,0,0.0,0.0
4237,128,180,0,21.2,0,0,0,112,154,0,16,26,0,0,128,8.4375,0.0,8.25,9.75,0,0.0,0.0
5738,98,121,0,16.2,48,67,0,32,29,0,18,25,0,98,0,7.408163265306122,8.375,5.4375,8.333333333333332,0,0.0,1.0
4823,185,193,0,30.5,66,57,0,80,100,0,39,36,0,0,185,6.2594594594594595,5.181818181818182,7.5,5.538461538461538,0,0.0,0.0
5041,280,394,0,46.4,81,120,0,76,108,0,123,166,0,280,0,8.442857142857143,8.88888888888889,8.526315789473685,8.097560975609756,0,0.0,1.0
1944,254,358,0,42.2,37,56,0,211,289,0,6,13,0,0,254,8.456692913385826,9.08108108108108,8.218009478672986,13.0,0,0.0,0.0
27960,77,78,0,12.5,20,17,0,38,46,0,19,15,0,77,0,6.077922077922077,5.1,7.2631578947368425,4.7368421052631575,0,0.0,1.0
6628,125,167,0,20.5,53,75,0,18,28,0,54,64,0,125,0,8.016,8.49056603773585,9.333333333333334,7.111111111111111,0,0.0,1.0
6726,171,261,0,28.3,30,50,0,62,86,0,79,125,0,171,0,9.157894736842106,10.0,8.322580645161292,9.49367088607595,0,0.0,1.0
4101,174,172,0,29.0,39,22,0,116,132,0,19,18,0,0,174,5.931034482758621,3.3846153846153846,6.827586206896552,5.684210526315789,0,0.0,0.0
4219,13,14,0,2.1,13,14,0,0,0,0,0,0,0,0,13,6.461538461538462,6.461538461538462,0.0,0.0,0,0.0,0.0
4658,24,34,0,4.0,12,28,0,6,3,0,6,3,0,0,24,8.5,14.0,3.0,3.0,0,0.0,0.0
2687,124,111,0,20.4,12,7,0,112,104,0,0,0,0,0,124,5.370967741935484,3.5,5.571428571428571,0.0,0,0.0,0.0
6286,90,117,0,15.0,25,37,0,31,34,0,34,46,0,90,0,7.800000000000001,8.879999999999999,6.580645161290322,8.117647058823529,0,0.0,1.0
507,21,38,0,3.3,0,0,0,21,38,0,0,0,0,0,21,10.857142857142858,0.0,10.857142857142858,0.0,0,0.0,0.0
6355,60,82,0,10.0,42,58,0,7,7,0,11,17,0,60,0,8.2,8.285714285714285,6.0,9.272727272727273,0,0.0,1.0
5866,17,30,0,2.5,0,0,0,17,30,0,0,0,0,17,0,10.588235294117647,0.0,10.588235294117647,0.0,0,0.0,1.0
5944,217,240,0,36.1,116,114,0,43,66,0,58,60,0,217,0,6.63594470046083,5.896551724137931,9.209302325581396,6.206896551724139,0,0.0,1.0
3323,8,21,0,1.2,0,0,0,6,9,0,2,12,0,8,0,15.75,0.0,9.0,36.0,0,0.0,1.0
25216,69,125,0,11.3,26,54,0,31,48,0,12,23,0,69,0,10.869565217391305,12.461538461538463,9.29032258064516,11.5,0,0.0,1.0
6676,55,73,0,9.1,19,10,0,24,33,0,12,30,0,55,0,7.963636363636365,3.1578947368421053,8.25,15.0,0,0.0,1.0
2436,114,133,0,19.0,6,12,0,64,72,0,44,49,0,114,0,7.0,12.0,6.75,6.681818181818182,0,0.0,1.0
8424,123,176,0,20.3,0,0,0,110,165,0,13,11,0,0,123,8.585365853658537,0.0,9.0,5.076923076923077,0,0.0,0.0
7240,67,102,0,11.1,37,52,0,13,17,0,17,33,0,67,0,9.134328358208954,8.432432432432433,7.846153846153847,11.647058823529411,0,0.0,1.0
278,96,111,0,16.0,59,66,0,6,2,0,31,43,0,96,0,6.9375,6.711864406779661,2.0,8.322580645161292,0,0.0,1.0
19312,27,40,0,4.3,20,31,0,0,0,0,7,9,0,27,0,8.88888888888889,9.3,0.0,7.714285714285715,0,0.0,1.0
34485,17,29,0,2.5,0,0,0,12,21,0,5,8,0,0,17,10.235294117647058,0.0,10.5,9.600000000000001,0,0.0,0.0
295,151,188,0,25.1,82,87,0,38,40,0,31,61,0,151,0,7.470198675496688,6.365853658536586,6.315789473684211,11.806451612903226,0,0.0,1.0
20006,23,39,0,3.5,0,0,0,15,28,0,8,11,0,23,0,10.173913043478262,0.0,11.2,8.25,0,0.0,1.0
7808,153,177,0,25.3,87,96,0,13,23,0,53,58,0,153,0,6.9411764705882355,6.620689655172414,10.615384615384615,6.566037735849056,0,0.0,1.0
8380,74,152,0,12.2,0,0,0,67,145,0,7,7,0,0,74,12.324324324324323,0.0,12.985074626865671,6.0,0,0.0,0.0
3641,86,126,0,14.2,36,50,0,30,50,0,20,26,0,86,0,8.790697674418604,8.333333333333332,10.0,7.800000000000001,0,0.0,1.0
5809,39,76,0,6.3,12,18,0,18,38,0,9,20,0,39,0,11.692307692307692,9.0,12.666666666666668,13.333333333333334,0,0.0,1.0
7544,56,74,0,9.2,1,6,0,36,38,0,19,30,0,56,0,7.928571428571429,36.0,6.333333333333334,9.473684210526315,0,0.0,1.0
6161,48,42,0,8.0,12,8,0,36,34,0,0,0,0,0,48,5.25,4.0,5.666666666666666,0.0,0,0.0,0.0
2933,286,323,0,47.4,187,200,0,30,31,0,69,92,0,286,0,6.776223776223777,6.417112299465241,6.200000000000001,8.0,0,0.0,1.0
4901,50,84,0,8.2,24,40,0,13,22,0,13,22,0,50,0,10.08,10.0,10.153846153846153,10.153846153846153,0,0.0,1.0
4837,200,276,0,33.2,100,123,0,46,83,0,54,70,0,200,0,8.28,7.38,10.826086956521738,7.777777777777778,0,0.0,1.0
7312,25,38,0,4.1,13,15,0,0,0,0,12,23,0,25,0,9.120000000000001,6.9230769230769225,0.0,11.5,0,0.0,1.0
4692,139,213,0,23.1,56,89,0,39,56,0,44,68,0,139,0,9.194244604316546,9.535714285714285,8.615384615384615,9.272727272727273,0,0.0,1.0
487,30,39,0,5.0,12,13,0,12,16,0,6,10,0,30,0,7.800000000000001,6.5,8.0,10.0,0,0.0,1.0
403,30,61,0,5.0,12,24,0,18,37,0,0,0,0,30,0,12.2,12.0,12.333333333333332,0.0,0,0.0,1.0
2483,46,74,0,7.4,19,30,0,14,24,0,13,20,0,46,0,9.652173913043478,9.473684210526315,10.285714285714285,9.230769230769232,0,0.0,1.0
4780,12,7,0,2.0,0,0,0,12,7,0,0,0,0,0,12,3.5,0.0,3.5,0.0,0,0.0,0.0
19125,25,28,0,4.1,12,7,0,6,7,0,7,14,0,25,0,6.720000000000001,3.5,7.0,12.0,0,0.0,1.0
2681,68,108,0,11.2,36,61,0,18,31,0,14,16,0,68,0,9.529411764705882,10.166666666666666,10.333333333333334,6.857142857142857,0,0.0,1.0
7364,100,138,0,16.4,31,40,0,24,30,0,45,68,0,100,0,8.28,7.741935483870968,7.5,9.066666666666666,0,0.0,1.0
2382,91,125,0,15.1,6,25,0,56,58,0,29,42,0,91,0,8.241758241758241,25.0,6.214285714285715,8.689655172413794,0,0.0,1.0
20702,6,21,0,1.0,0,0,0,6,21,0,0,0,0,0,6,21.0,0.0,21.0,0.0,0,0.0,0.0
4755,172,235,0,28.4,12,12,0,132,167,0,28,56,0,172,0,8.19767441860465,6.0,7.590909090909091,12.0,0,0.0,1.0
4838,29,43,0,4.5,15,21,0,14,22,0,0,0,0,29,0,8.896551724137932,8.399999999999999,9.428571428571429,0.0,0,0.0,1.0
3628,158,175,0,26.2,87,71,0,21,34,0,50,70,0,158,0,6.6455696202531644,4.896551724137931,9.714285714285715,8.399999999999999,0,0.0,1.0
4853,25,16,0,4.1,0,0,0,25,16,0,0,0,0,0,25,3.84,0.0,3.84,0.0,0,0.0,0.0
6677,27,35,0,4.3,6,9,0,14,11,0,7,15,0,27,0,7.777777777777778,9.0,4.714285714285714,12.857142857142858,0,0.0,1.0
5808,31,66,0,5.1,0,0,0,18,18,0,13,48,0,31,0,12.774193548387096,0.0,6.0,22.153846153846153,0,0.0,1.0
2526,134,177,0,22.2,0,0,0,128,173,0,6,4,0,0,134,7.925373134328358,0.0,8.109375,4.0,0,0.0,0.0
3648,96,75,0,16.0,12,5,0,66,60,0,18,10,0,0,96,4.6875,2.5,5.454545454545454,3.3333333333333335,0,0.0,0.0
8661,36,55,0,6.0,6,9,0,17,27,0,13,19,0,36,0,9.166666666666666,9.0,9.529411764705882,8.769230769230768,0,0.0,1.0
8049,50,70,0,8.2,25,32,0,12,21,0,13,17,0,50,0,8.399999999999999,7.68,10.5,7.846153846153847,0,0.0,1.0
1487,83,135,0,13.5,46,63,0,18,28,0,19,44,0,83,0,9.759036144578314,8.217391304347826,9.333333333333334,13.894736842105264,0,0.0,1.0
22920,26,33,0,4.2,18,18,0,0,0,0,8,15,0,26,0,7.615384615384615,6.0,0.0,11.25,0,0.0,1.0
4947,76,100,0,12.4,37,31,0,6,11,0,33,58,0,76,0,7.894736842105264,5.027027027027027,11.0,10.545454545454545,0,0.0,1.0
2054,98,105,0,16.2,55,43,0,12,19,0,31,43,0,98,0,6.428571428571429,4.690909090909091,9.5,8.322580645161292,0,0.0,1.0
7270,117,185,0,19.3,24,51,0,62,86,0,31,48,0,117,0,9.487179487179487,12.75,8.322580645161292,9.29032258064516,0,0.0,1.0
29888,80,137,0,13.2,38,70,0,18,39,0,24,28,0,80,0,10.274999999999999,11.052631578947368,13.0,7.0,0,0.0,1.0
2315,50,54,0,8.2,32,41,0,6,5,0,12,8,0,50,0,6.48,7.6875,5.0,4.0,0,0.0,1.0
2399,167,191,0,27.5,82,79,0,13,13,0,72,99,0,167,0,6.862275449101796,5.780487804878049,6.0,8.25,0,0.0,1.0
1107,44,86,0,7.2,6,8,0,38,78,0,0,0,0,0,44,11.727272727272727,8.0,12.315789473684212,0.0,0,0.0,0.0
6797,87,122,0,14.3,24,32,0,24,24,0,39,66,0,87,0,8.413793103448276,8.0,6.0,10.153846153846153,0,0.0,1.0
7905,75,142,0,12.3,37,54,0,6,5,0,32,83,0,75,0,11.36,8.756756756756756,5.0,15.5625,0,0.0,1.0
4926,49,49,0,8.1,0,0,0,43,44,0,6,5,0,0,49,6.0,0.0,6.1395348837209305,5.0,0,0.0,0.0
2985,85,106,0,14.1,54,60,0,18,31,0,13,15,0,85,0,7.482352941176471,6.666666666666667,10.333333333333334,6.9230769230769225,0,0.0,1.0
4499,25,34,0,4.1,18,19,0,0,0,0,7,15,0,25,0,8.16,6.333333333333334,0.0,12.857142857142858,0,0.0,1.0
2320,77,93,0,12.5,37,58,0,13,18,0,27,17,0,77,0,7.246753246753247,9.405405405405405,8.307692307692307,3.7777777777777777,0,0.0,1.0
25048,120,176,0,20.0,21,20,0,65,97,0,34,59,0,120,0,8.799999999999999,5.7142857142857135,8.953846153846154,10.411764705882353,0,0.0,1.0
4903,69,109,0,11.3,31,42,0,26,39,0,12,28,0,69,0,9.478260869565217,8.129032258064516,9.0,14.0,0,0.0,1.0
1219,45,72,0,7.3,26,36,0,12,25,0,7,11,0,45,0,9.600000000000001,8.307692307692307,12.5,9.428571428571429,0,0.0,1.0
35102,19,20,0,3.1,0,0,0,19,20,0,0,0,0,0,19,6.315789473684211,0.0,6.315789473684211,0.0,0,0.0,0.0
8221,55,70,0,9.1,18,35,0,13,16,0,24,19,0,55,0,7.636363636363637,11.666666666666666,7.384615384615385,4.75,0,0.0,1.0
5562,49,45,0,8.1,18,14,0,19,16,0,12,15,0,49,0,5.510204081632653,4.666666666666667,5.052631578947368,7.5,0,0.0,1.0
2636,111,171,0,18.3,30,41,0,69,114,0,12,16,0,0,111,9.243243243243244,8.2,9.91304347826087,8.0,0,0.0,0.0
2304,19,34,0,3.1,0,0,0,13,23,0,6,11,0,19,0,10.736842105263158,0.0,10.615384615384615,11.0,0,0.0,1.0
6423,69,77,0,11.3,0,0,0,61,72,0,8,5,0,0,69,6.695652173913044,0.0,7.081967213114754,3.75,0,0.0,0.0
4840,95,159,0,15.5,24,59,0,45,74,0,26,26,0,95,0,10.042105263157895,14.75,9.866666666666667,6.0,0,0.0,1.0
17919,22,39,0,3.4,0,0,0,13,20,0,9,19,0,22,0,10.636363636363637,0.0,9.230769230769232,12.666666666666668,0,0.0,1.0
7897,33,39,0,5.3,0,0,0,24,26,0,9,13,0,0,33,7.090909090909092,0.0,6.5,8.666666666666666,0,0.0,0.0
3272,17,28,0,2.5,0,0,0,12,15,0,5,13,0,0,17,9.882352941176471,0.0,7.5,15.600000000000001,0,0.0,0.0
4373,92,155,0,15.2,31,62,0,37,53,0,24,40,0,92,0,10.108695652173912,12.0,8.594594594594595,10.0,0,0.0,1.0
786,74,85,0,12.2,0,0,0,43,51,0,31,34,0,74,0,6.891891891891892,0.0,7.116279069767442,6.580645161290322,0,0.0,1.0
4790,51,100,0,8.3,24,35,0,13,29,0,14,36,0,51,0,11.76470588235294,8.75,13.384615384615385,15.42857142857143,0,0.0,1.0
6512,56,49,0,9.2,30,22,0,26,27,0,0,0,0,0,56,5.25,4.3999999999999995,6.230769230769232,0.0,0,0.0,0.0
152,201,249,0,33.3,30,29,0,165,218,0,6,2,0,0,201,7.432835820895523,5.8,7.927272727272728,2.0,0,0.0,0.0
5939,37,59,0,6.1,6,5,0,18,29,0,13,25,0,37,0,9.567567567567567,5.0,9.666666666666668,11.538461538461538,0,0.0,1.0
143,6,18,0,1.0,0,0,0,0,0,0,6,18,0,0,6,18.0,0.0,0.0,18.0,0,0.0,0.0
2639,109,153,0,18.1,25,40,0,52,64,0,32,49,0,109,0,8.422018348623853,9.600000000000001,7.384615384615385,9.1875,0,0.0,1.0
6297,40,61,0,6.4,0,0,0,33,49,0,7,12,0,0,40,9.149999999999999,0.0,8.90909090909091,10.285714285714285,0,0.0,0.0
7702,24,17,0,4.0,18,12,0,6,5,0,0,0,0,24,0,4.25,4.0,5.0,0.0,0,0.0,1.0
4391,69,128,0,11.3,6,13,0,50,96,0,13,19,0,0,69,11.130434782608695,13.0,11.52,8.769230769230768,0,0.0,0.0
1772,44,53,0,7.2,26,17,0,6,8,0,12,28,0,44,0,7.2272727272727275,3.9230769230769234,8.0,14.0,0,0.0,1.0
6450,60,82,0,10.0,48,69,0,12,13,0,0,0,0,0,60,8.2,8.625,6.5,0.0,0,0.0,0.0
2490,70,91,0,11.4,12,21,0,54,63,0,4,7,0,0,70,7.800000000000001,10.5,7.0,10.5,0,0.0,0.0
3627,36,62,0,6.0,0,0,0,36,62,0,0,0,0,36,0,10.333333333333334,0.0,10.333333333333334,0.0,0,0.0,1.0
3673,46,44,0,7.4,13,12,0,26,25,0,7,7,0,0,46,5.739130434782609,5.538461538461538,5.769230769230769,6.0,0,0.0,0.0
4986,20,28,0,3.2,0,0,0,15,18,0,5,10,0,20,0,8.399999999999999,0.0,7.199999999999999,12.0,0,0.0,1.0
6772,23,32,0,3.5,12,18,0,0,0,0,11,14,0,23,0,8.347826086956522,9.0,0.0,7.636363636363637,0,0.0,1.0
5979,73,86,0,12.1,12,17,0,48,54,0,13,15,0,0,73,7.068493150684931,8.5,6.75,6.9230769230769225,0,0.0,0.0
7935,12,19,0,2.0,0,0,0,12,19,0,0,0,0,0,12,9.5,0.0,9.5,0.0,0,0.0,0.0
6398,71,100,0,11.5,25,19,0,33,44,0,13,37,0,71,0,8.450704225352112,4.5600000000000005,8.0,17.076923076923077,0,0.0,1.0
3664,50,80,0,8.2,30,45,0,8,15,0,12,20,0,50,0,9.600000000000001,9.0,11.25,10.0,0,0.0,1.0
286,22,25,0,3.4,16,12,0,6,13,0,0,0,0,22,0,6.818181818181818,4.5,13.0,0.0,0,0.0,1.0
6515,24,42,0,4.0,12,11,0,0,0,0,12,31,0,24,0,10.5,5.5,0.0,15.5,0,0.0,1.0
3373,20,35,0,3.2,0,0,0,13,16,0,7,19,0,20,0,10.5,0.0,7.384615384615385,16.285714285714285,0,0.0,1.0
5189,48,60,0,8.0,18,22,0,18,21,0,12,17,0,48,0,7.5,7.333333333333334,7.0,8.5,0,0.0,1.0
3605,68,114,0,11.2,13,24,0,43,66,0,12,24,0,0,68,10.058823529411764,11.076923076923077,9.209302325581396,12.0,0,0.0,0.0
1758,64,105,0,10.4,25,38,0,26,42,0,13,25,0,64,0,9.84375,9.120000000000001,9.692307692307693,11.538461538461538,0,0.0,1.0
3622,48,63,0,8.0,0,0,0,48,63,0,0,0,0,0,48,7.875,0.0,7.875,0.0,0,0.0,0.0
6281,55,66,0,9.1,0,0,0,49,53,0,6,13,0,0,55,7.199999999999999,0.0,6.4897959183673475,13.0,0,0.0,0.0
6436,25,26,0,4.1,0,0,0,25,26,0,0,0,0,0,25,6.24,0.0,6.24,0.0,0,0.0,0.0
3613,19,32,0,3.1,12,21,0,7,11,0,0,0,0,0,19,10.105263157894736,10.5,9.428571428571429,0.0,0,0.0,0.0
4904,24,33,0,4.0,0,0,0,18,22,0,6,11,0,0,24,8.25,0.0,7.333333333333334,11.0,0,0.0,0.0
3727,20,32,0,3.2,7,12,0,13,20,0,0,0,0,0,20,9.600000000000001,10.285714285714285,9.230769230769232,0.0,0,0.0,0.0
7967,20,33,0,3.2,0,0,0,20,33,0,0,0,0,0,20,9.899999999999999,0.0,9.899999999999999,0.0,0,0.0,0.0
4722,24,33,0,4.0,0,0,0,18,22,0,6,11,0,0,24,8.25,0.0,7.333333333333334,11.0,0,0.0,0.0
494,6,14,0,1.0,0,0,0,6,14,0,0,0,0,6,0,14.0,0.0,14.0,0.0,0,0.0,1.0
2214,6,12,0,1.0,0,0,0,6,12,0,0,0,0,6,0,12.0,0.0,12.0,0.0,0,0.0,1.0
7008,12,38,0,2.0,6,22,0,6,16,0,0,0,0,12,0,19.0,22.0,16.0,0.0,0,0.0,1.0
838,36,82,0,6.0,7,13,0,21,41,0,8,28,0,0,36,13.666666666666666,11.142857142857142,11.714285714285714,21.0,0,0.0,0.0
6180,24,34,0,4.0,6,7,0,18,27,0,0,0,0,0,24,8.5,7.0,9.0,0.0,0,0.0,0.0
5837,24,45,0,4.0,6,7,0,12,20,0,6,18,0,0,24,11.25,7.0,10.0,18.0,0,0.0,0.0
2847,27,30,0,4.3,7,17,0,6,4,0,14,9,0,27,0,6.666666666666667,14.57142857142857,4.0,3.8571428571428577,0,0.0,1.0
25231,14,21,0,2.2,0,0,0,14,21,0,0,0,0,0,14,9.0,0.0,9.0,0.0,0,0.0,0.0
5750,25,25,0,4.1,12,10,0,0,0,0,13,15,0,0,25,6.0,5.0,0.0,6.9230769230769225,0,0.0,0.0
1566,34,49,0,5.4,24,39,0,3,1,0,7,9,0,34,0,8.647058823529411,9.75,2.0,7.714285714285715,0,0.0,1.0
25128,43,54,0,7.1,0,0,0,31,39,0,12,15,0,0,43,7.534883720930233,0.0,7.548387096774194,7.5,0,0.0,0.0
3374,6,4,0,1.0,0,0,0,0,0,0,6,4,0,0,6,4.0,0.0,0.0,4.0,0,0.0,0.0
35122,24,23,0,4.0,12,8,0,0,0,0,12,15,0,24,0,5.75,4.0,0.0,7.5,0,0.0,1.0
4816,24,21,0,4.0,13,16,0,0,0,0,11,5,0,24,0,5.25,7.384615384615385,0.0,2.727272727272727,0,0.0,1.0
38855,18,37,0,3.0,6,17,0,6,16,0,6,4,0,18,0,12.333333333333332,17.0,16.0,4.0,0,0.0,1.0
19530,26,25,0,4.2,12,13,0,7,5,0,7,7,0,26,0,5.769230769230769,6.5,4.285714285714286,6.0,0,0.0,1.0
26988,25,32,0,4.1,6,11,0,6,3,0,13,18,0,25,0,7.68,11.0,3.0,8.307692307692307,0,0.0,1.0
2643,19,33,0,3.1,0,0,0,19,33,0,0,0,0,0,19,10.421052631578949,0.0,10.421052631578949,0.0,0,0.0,0.0
3871,18,31,0,3.0,0,0,0,12,18,0,6,13,0,0,18,10.333333333333334,0.0,9.0,13.0,0,0.0,0.0
28655,7,14,0,1.1,7,14,0,0,0,0,0,0,0,7,0,12.0,12.0,0.0,0.0,0,0.0,1.0
4974,7,16,0,1.1,7,16,0,0,0,0,0,0,0,7,0,13.714285714285714,13.714285714285714,0.0,0.0,0,0.0,1.0
2972,24,27,0,4.0,0,0,0,24,27,0,0,0,0,0,24,6.75,0.0,6.75,0.0,0,0.0,0.0
7344,12,17,0,2.0,12,17,0,0,0,0,0,0,0,12,0,8.5,8.5,0.0,0.0,0,0.0,1.0
6350,48,67,0,8.0,0,0,0,42,56,0,6,11,0,0,48,8.375,0.0,8.0,11.0,0,0.0,0.0
3550,12,25,0,2.0,0,0,0,12,25,0,0,0,0,0,12,12.5,0.0,12.5,0.0,0,0.0,0.0
4221,24,36,0,4.0,6,14,0,18,22,0,0,0,0,0,24,9.0,14.0,7.333333333333334,0.0,0,0.0,0.0
2863,19,22,0,3.1,6,2,0,13,20,0,0,0,0,19,0,6.947368421052632,2.0,9.230769230769232,0.0,0,0.0,1.0
6819,6,11,0,1.0,0,0,0,0,0,0,6,11,0,0,6,11.0,0.0,0.0,11.0,0,0.0,0.0
8009,7,15,0,1.1,7,15,0,0,0,0,0,0,0,7,0,12.857142857142858,12.857142857142858,0.0,0.0,0,0.0,1.0
28756,6,10,0,1.0,6,10,0,0,0,0,0,0,0,0,6,10.0,10.0,0.0,0.0,0,0.0,0.0
4708,6,3,0,1.0,0,0,0,0,0,0,6,3,0,0,6,3.0,0.0,0.0,3.0,0,0.0,0.0
27466,7,12,0,1.1,7,12,0,0,0,0,0,0,0,0,7,10.285714285714285,10.285714285714285,0.0,0.0,0,0.0,0.0
4106,13,14,0,2.1,0,0,0,0,0,0,13,14,0,13,0,6.461538461538462,0.0,0.0,6.461538461538462,0,0.0,1.0
4895,12,18,0,2.0,0,0,0,12,18,0,0,0,0,0,12,9.0,0.0,9.0,0.0,0,0.0,0.0
7201,21,50,0,3.3,15,24,0,0,0,0,6,26,0,21,0,14.285714285714285,9.600000000000001,0.0,26.0,0,0.0,1.0
2416,13,15,0,2.1,6,4,0,7,11,0,0,0,0,13,0,6.9230769230769225,4.0,9.428571428571429,0.0,0,0.0,1.0
27364,3,6,0,0.3,3,6,0,0,0,0,0,0,0,0,3,12.0,12.0,0.0,0.0,0,0.0,0.0
1699,6,5,0,1.0,0,0,0,0,0,0,6,5,0,0,6,5.0,0.0,0.0,5.0,0,0.0,0.0
3647,2,2,0,0.2,0,0,0,0,0,0,2,2,0,0,2,6.0,0.0,0.0,6.0,0,0.0,0.0
