player_id,runs_slope
1018,35.499999999999964
1028,
1030,
1031,
1033,-37.499999999999986
1039,114.99999999999999
1040,72.1
1045,
1063,
107,
1071,-20.6
1077,-41.899999999999984
1082,
1086,
1089,
109,38.999999999999986
1100,-21.19230769230769
1104,
1107,66.69999999999999
1109,25.999999999999986
1113,-58.19999999999999
1114,
1121,
1161,
117,
1171,-0.9999999999999998
1183,-12.071428571428578
1187,-66.42857142857143
1195,7.499999999999995
1205,-56.5
1210,-40.66666666666666
1219,9.499999999999995
126,-51.4
1280,
1318,-18.4
1327,-1.2999999999999872
137,-117.99999999999997
138,
1389,5.3999999999999995
140,
142,-200.19999999999996
143,-65.59999999999998
1440,-4.199999999999994
1465,-40.49999999999999
147,-1.9999999999999996
1481,48.74285714285713
1486,
1487,-2.5999999999999988
1497,-6.642857142857142
1506,-51.99999999999999
1512,0.20000000000000004
15162,
1519,
15197,
15198,-13.999999999999996
152,9.800000000000002
15222,65.0
15228,17.333333333333332
15231,
1532,-23.499999999999993
1541,
15551,
1566,2.657142857142856
1568,-71.07142857142858
1570,
158,18.99999999999999
159,3.153846153846155
1596,-149.20000000000002
1600,11.000000000000007
1609,-151.99999999999994
161,-58.499999999999986
1612,-4.499999999999999
1617,5.4999999999999964
1621,
1622,
16284,174.99999999999994
1629,
1633,-42.66666666666666
164,
167,138.40000000000003
1679,
1682,0.9999999999999999
1684,
1685,167.99999999999994
169,-37.99999999999998
1699,63.400000000000006
1701,10.199999999999998
1704,-8.999999999999996
1706,1.4999999999999998
1711,
1712,
172,-165.99999999999997
1727,60.29999999999999
1733,-133.99999999999994
175,42.499999999999986
1758,7.400000000000001
176,
1772,
1776,
17898,
17909,
17911,14.999999999999995
17937,-103.99999999999994
18097,
1810,
18108,
1812,
18120,
1813,3.1999999999999997
18135,-8.499999999999998
1814,-119.99999999999996
18154,
1816,
18161,193.99999999999994
1817,
1827,
1828,-2.499999999999999
1829,0.4999999999999999
183,-62.49999999999998
1836,-6.499999999999999
1842,
1860,39.38461538461539
1883,-0.9999999999999998
1884,-18.99999999999999
1885,
1886,
189,
1890,6.4999999999999964
1895,
19012,15.214285714285712
19020,0.9999999999999998
19062,
19072,-76.99999999999997
19074,
19083,200.99999999999997
19086,
19090,
19093,46.999999999999986
19096,-45.999999999999986
19097,
19098,-87.99999999999999
19103,-60.999999999999986
19108,-25.999999999999986
19111,
19112,66.49999999999997
19125,0.0
19126,-20.999999999999993
19141,51.99999999999997
19144,
19145,-0.4999999999999996
19148,55.999999999999986
1915,
19150,
1923,
1924,-12.500000000000009
19291,
19309,
19312,-0.35714285714285704
19315,-7.499999999999996
19316,6.700000000000002
19401,
19402,43.99999999999999
19403,-8.333333333333332
19404,-5.0769230769230775
19405,
19406,-14.038461538461537
19409,68.97142857142855
1941,-181.8
19412,
19414,
19416,-2.9999999999999996
19418,
19420,
19422,
19428,
19429,
19430,
19433,0.03846153846153852
19434,42.99999999999998
19435,1.6666666666666665
19436,
19437,-2.9999999999999996
1944,-21.499999999999993
19440,-16.999999999999996
19441,53.8
19442,
19449,
19454,-25.576923076923077
19455,28.000000000000007
19457,
19458,-3.6923076923076907
19459,-22.66666666666666
19460,-34.46153846153845
19462,-39.199999999999996
19464,-29.153846153846157
19469,-13.26923076923077
19470,
19472,-62.35714285714289
19475,
19476,-2.3333333333333326
19477,
19478,-38.999999999999986
19479,-19.153846153846157
19483,
19485,36.5
19488,
19489,
19491,-8.0
19492,1.333333333333333
19495,
19497,
19499,
19530,-7.999999999999998
19535,4.999999999999999
1955,
196,
19662,
19666,
19669,-76.99999999999996
19673,9.999999999999996
19674,95.99999999999999
19676,
19677,
19683,99.99999999999997
19684,-70.99999999999999
19685,
19686,
19687,7.999999999999994
19691,56.09999999999998
19695,
19696,37.499999999999986
19697,
19699,-18.99999999999999
197,
19700,-80.49999999999999
19702,73.99999999999999
19703,
19706,
19708,162.99999999999994
19710,
19712,66.5
19714,220.89999999999995
19715,-74.99999999999997
19716,
19718,-35.999999999999986
19726,
19727,
19730,
19754,
19781,
198,-10.59999999999999
1980,
19806,19.999999999999993
19809,
19811,
19815,25.499999999999993
19821,-34.999999999999986
19829,
19834,-13.999999999999996
19841,
19854,
19857,-27.49999999999999
19860,
19868,5.999999999999999
19870,34.999999999999986
19894,-0.9999999999999998
19970,7.999999999999998
19971,22.257142857142853
19972,3.999999999999999
19973,
19974,
19976,
19977,49.8
19979,-35.49999999999998
19980,
19981,0.0
19982,62.7
19983,50.714285714285715
19984,-90.99999999999999
19985,19.999999999999993
19986,
19988,4.499999999999996
19990,78.66666666666664
19992,
19993,
19997,-39.999999999999986
19998,-6.499999999999999
19999,
20000,41.99999999999997
20002,36.384615384615394
20003,
20004,2.0285714285714294
20005,10.999999999999998
20006,89.1
20009,-2.3333333333333326
2001,
20011,-6.999999999999996
20013,
20014,-12.999999999999993
20015,4.499999999999993
20017,
20018,3.9999999999999987
20020,-132.49999999999994
20021,215.49999999999994
20022,2.9999999999999996
20023,91.09999999999997
20024,11.999999999999998
20026,2.6538461538461537
20027,-15.999999999999996
20029,-6.6000000000000005
2003,-39.39999999999999
20030,11.999999999999998
20032,-28.99999999999999
20034,
20035,
20036,
20041,-15.999999999999996
20042,-40.999999999999986
20045,-19.499999999999996
20046,4.499999999999998
20049,
20050,
20054,114.49999999999993
20055,
20056,
20057,
20062,0.4999999999999999
20068,-15.499999999999996
20069,-3.999999999999999
20072,-17.999999999999993
20073,41.00000000000001
20074,21.799999999999997
20075,
20076,10.999999999999998
20077,42.99999999999998
20078,75.99999999999996
20079,-11.999999999999998
20080,-62.99999999999998
20081,35.999999999999986
20083,
20084,
20085,0.4999999999999999
20086,0.7307692307692311
20087,
20088,36.49999999999999
20111,0.33333333333333326
20112,10.600000000000003
20116,16.423076923076927
20118,25.0
20147,
20170,3.3076923076923084
20171,29.749999999999986
20228,80.39999999999999
20229,
20298,
20299,6.4999999999999964
20301,-5.499999999999999
2031,27.999999999999993
20310,
20327,19.0
2033,54.8846153846154
2037,-4.999999999999998
2054,1.4999999999999998
20693,0.24999999999999994
20694,
207,
20702,148.9
20704,
20711,
20723,11.999999999999998
20730,13.999999999999991
20751,
20754,
20755,
20756,
20757,
20760,
20761,-9.999999999999996
20762,-17.499999999999993
20763,2.9999999999999987
20764,
20766,-27.499999999999993
20767,3.9999999999999982
20768,0.9999999999999992
20769,
20797,0.4999999999999977
20801,51.99999999999997
20802,80.39999999999998
20804,57.499999999999986
20805,-27.999999999999993
20808,0.0
20810,-150.99999999999997
20812,-122.99999999999997
20813,1.9999999999999984
20814,130.99999999999997
20815,30.999999999999986
20816,-26.999999999999993
20819,130.99999999999994
20822,40.999999999999986
20823,7.999999999999998
20824,0.0
20825,
20826,-6.9999999999999964
20828,2.4999999999999947
20829,80.99999999999996
20830,
20831,155.49999999999991
20832,-4.999999999999998
20834,
20836,
20837,
20839,
20843,-12.0
20844,-20.999999999999993
20845,-27.999999999999993
20846,
20848,-0.9999999999999998
20850,3.999999999999999
20854,111.99999999999997
20855,
20861,56.99999999999997
20862,-37.49999999999999
20863,48.99999999999999
20864,
20865,6.499999999999998
20866,64.49999999999997
20867,
20869,
20870,-8.000000000000002
20871,-21.999999999999996
20874,103.49999999999999
20875,
20877,-40.49999999999999
20878,
20879,29.999999999999993
20880,
20881,
20882,
20884,
20886,12.999999999999996
20887,
20894,125.79999999999998
20937,
20985,
20987,55.49999999999998
20989,-37.499999999999986
20990,
21008,
2101,-143.10000000000002
21026,
21029,-28.599999999999998
21058,
2119,-23.499999999999993
21196,
21388,
217,
21784,
21790,
2199,-34.49999999999999
220,32.20000000000002
2201,18.999999999999996
2205,-22.299999999999997
2207,-1.0000000000000004
2208,2.9999999999999996
2210,28.78571428571429
2212,41.7
2213,27.100000000000016
2214,9.499999999999986
2216,-8.499999999999995
2218,11.999999999999996
2226,
2228,-13.214285714285714
2229,-16.499999999999996
223,-48.39999999999999
2230,-4.399999999999999
2231,-10.999999999999998
2232,-0.33333333333333326
2234,
224,
2246,17.499999999999993
2249,-1.7142857142857146
2250,
2254,
2255,0.7499999999999959
2256,6.300000000000002
22565,100.99999999999999
22568,
2257,15.3
2258,81.19999999999999
2259,
2261,-20.099999999999998
22862,
22868,
22876,29.99999999999999
22877,-2.9999999999999996
22888,
22889,58.999999999999986
22892,
22896,-5.999999999999999
22920,1.1428571428571426
2299,2.499999999999999
23,32.1
2304,-7.999999999999998
23146,
2315,-1.9285714285714284
2316,
2320,-1.3999999999999992
2321,
23311,73.99999999999999
2334,2.000000000000003
234,
23423,26.499999999999996
23426,-4.371428571428569
23428,
23430,
23431,1.9999999999999996
23432,
23434,
23435,0.0
23436,
23440,1.5
23441,
23443,-2.0
23445,13.100000000000001
23448,43.99999999999998
23450,103.10000000000002
23451,-20.39999999999999
23452,46.800000000000004
23457,-0.19999999999999998
23459,
23461,37.89999999999999
23462,-5.999999999999998
23464,
23467,12.942857142857141
2347,
23470,
23472,-15.999999999999996
23473,-5.599999999999999
23474,21.2
23475,
2351,-4.785714285714284
2361,-20.499999999999993
2362,147.99999999999997
2364,4.999999999999998
2367,190.60000000000002
23686,
2373,-12.07142857142857
2379,3.9285714285714266
2382,18.99999999999999
23857,
23858,
23859,
2386,
23860,-43.88461538461539
23861,1.0384615384615385
23862,-6.500000000000001
23863,
23864,-14.999999999999998
23865,
23866,-14.999999999999998
23867,24.333333333333325
23868,
23869,-0.6538461538461541
23870,
23871,-6.230769230769231
23872,
23873,
23874,
23875,
23876,
23877,
23878,
23879,
23880,
23881,
23882,
23883,
2394,
2399,-4.115384615384611
24017,
2407,-6.1000000000000005
2410,99.50000000000001
2411,1.570092458683775e-16
2412,
2413,-3.942857142857145
2414,
2415,10.200000000000005
2416,-66.1
2417,1.7000000000000024
24177,
24178,
2418,
24180,
2420,
24204,
24235,
24245,
24247,
24253,2.9999999999999996
24254,-6.999999999999998
24256,206.9999999999999
24259,-30.999999999999986
24260,5.499999999999994
24263,11.500000000000004
24265,
24266,60.999999999999986
24267,9.999999999999996
24273,18.99999999999999
24278,
24279,
24282,-14.499999999999993
24283,
24285,
24287,
24289,
24292,
24297,-22.499999999999993
24301,
24302,-39.999999999999986
24305,39.999999999999986
24307,
24310,
24311,
24313,22.49999999999998
24316,85.49999999999999
24320,46.999999999999986
24321,
24323,-0.9999999999999998
24326,-19.999999999999993
24327,153.99999999999994
24328,
24336,69.99999999999997
24339,17.999999999999993
24344,86.99999999999997
24345,
24347,-10.999999999999998
2435,
24351,
24354,
24355,
24358,-11.999999999999998
2436,-24.599999999999998
24372,45.999999999999986
2439,0.33333333333333326
2442,
2443,
24475,-27.999999999999993
24555,
24556,
24559,
24570,0.9999999999999998
24572,32.99999999999999
24576,
24578,
24580,-67.99999999999999
24587,
24590,
24598,
24599,-24.999999999999993
2460,
24603,-6.0
24605,
24606,39.999999999999986
24610,19.999999999999993
2463,155.99999999999994
24764,
24767,3.499999999999999
24768,
24779,
24808,
24809,-46.999999999999986
24811,
2483,1.114285714285714
2485,-29.599999999999994
24867,
24888,-19.571428571428577
24889,-23.499999999999993
24890,-112.99999999999997
24893,164.99999999999994
24895,
24898,
2490,47.3
24900,
24901,-30.499999999999993
24902,12.5
24903,
24905,19.28571428571429
24906,
24908,
24913,21.999999999999996
24914,
24915,45.49999999999998
24916,-69.99999999999997
24918,
24919,
24920,
24921,-44.999999999999986
24922,5.9999999999999964
24926,
24928,
24929,
24931,27.49999999999999
24932,
24934,
24935,
24937,8.999999999999996
24938,-7.999999999999998
24940,20.499999999999993
24941,-12.999999999999993
24943,-92.99999999999999
24945,
24947,-0.9999999999999998
24948,51.99999999999997
24949,-16.499999999999996
250,363.99999999999994
25027,-10.499999999999996
25030,-6.999999999999998
25048,19.999999999999993
25108,26.999999999999993
25128,
25132,
25133,
25136,
25138,36.99999999999999
25139,46.1
25148,
25150,
25151,
25152,
25155,
25156,
25160,
25162,
25170,107.99999999999997
25172,29.333333333333325
25173,80.99999999999996
25181,
25182,
25184,
25187,
25213,104.19999999999997
25216,-7.999999999999998
2523,-8.642857142857144
25231,10.999999999999998
2526,4.2
2531,
2533,53.499999999999986
2534,
25341,-9.999999999999996
25353,
25534,
2558,
2561,-30.999999999999986
2563,6.999999999999999
2564,-122.99999999999997
25662,4.999999999999998
25663,2.9999999999999996
25664,1.9999999999999996
25665,
25666,19.999999999999993
25669,386.4999999999999
25670,
25671,36.49999999999999
25672,
25676,34.99999999999998
25678,
25679,25.499999999999982
25680,52.29999999999999
25683,18.99999999999999
25686,
25687,-35.400000000000006
25689,-0.4999999999999999
25692,11.999999999999995
25694,
25695,-2.214285714285715
25696,4.999999999999998
25697,
25700,13.999999999999996
25704,3.499999999999999
25705,
25706,2.0999999999999996
25708,
25710,94.99999999999997
25712,-2.0000000000000004
25715,
2573,-55.2
25780,
25843,39.6
25844,
25845,1.7857142857142858
26075,
26076,
2611,-243.99999999999994
26157,
26159,
26161,
26162,
26165,
26169,
2633,10.999999999999998
2636,-0.6000000000000001
2639,47.2
26459,7.9999999999999885
26468,
26497,
26498,23.999999999999996
2650,-3.999999999999999
26514,
26519,4.999999999999999
26530,
2654,
26543,79.99999999999997
26557,
2657,
2661,
26646,-31.999999999999993
26663,-4.999999999999998
2667,
26692,-8.499999999999998
26694,73.85714285714285
26695,13.999999999999996
26702,5.999999999999997
26703,
26704,-9.42055475210265e-16
26707,
26708,48.99999999999999
2671,127.60000000000001
26713,
26714,
26716,180.99999999999997
26717,2.9999999999999996
26722,
26734,-4.999999999999998
26735,
2680,46.99999999999999
2681,18.999999999999996
26819,10.499999999999996
26830,-6.500000000000002
26831,11.500000000000002
26832,53.39999999999998
26833,
26834,51.39999999999999
26835,-45.999999999999986
26836,82.99999999999997
26837,
26839,
2684,-1.9999999999999996
26843,
26848,
26854,59.99999999999998
2687,104.19999999999997
26882,12.499999999999995
26885,-0.9999999999999998
26890,
26891,-11.999999999999998
26894,
26898,
26899,
26901,
26902,
26906,218.4999999999999
26908,114.99999999999997
26909,77.6
26910,36.50000000000001
26911,-426.9999999999999
26913,114.49999999999997
26988,
27,-149.99999999999994
27004,
27059,30.999999999999986
27069,
27071,
27137,133.99999999999994
27196,
27259,191.99999999999997
27279,
27283,
27285,
27286,
27287,
27293,14.999999999999995
27296,
27301,
27302,
27304,
27306,
27310,
27311,
27318,
27326,
27327,
27328,
27342,
27343,
27345,
27349,
27364,
27373,-9.999999999999996
27380,
27391,
274,-66.99999999999997
27452,
27453,
27464,
27465,
27466,20.999999999999993
27469,
27478,
27487,5.999999999999999
27490,
2750,-5.749999999999998
27504,
27516,
27517,-19.999999999999993
2755,56.57142857142857
2756,173.80000000000004
2758,150.49999999999994
2767,34.999999999999986
2772,-21.499999999999996
278,5.0
2780,
2781,-20.000000000000004
2790,42.68571428571428
27953,10.999999999999998
27956,-6.499999999999998
27957,
27958,81.99999999999997
27959,23.699999999999992
27960,
27961,93.99999999999999
27962,47.4
27964,1.3999999999999995
27968,
27969,4.999999999999998
27970,13.999999999999996
27971,-65.99999999999999
27972,
27973,-6.999999999999998
27976,-16.999999999999996
27980,3.999999999999999
27981,
28,1.4999999999999998
2800,-36.6
28018,
28019,
28020,20.999999999999993
28021,
28183,-80.99999999999996
2823,-78.49999999999999
28280,
28353,35.999999999999986
28354,-36.49999999999999
28355,33.99999999999999
28358,
28359,-58.999999999999986
28363,-52.99999999999999
28368,
28374,
28393,-34.999999999999986
28394,
28396,-7.999999999999998
28401,15.999999999999996
28402,
28406,
28408,
28410,
28411,
28412,
28413,206.9999999999999
28414,-26.999999999999993
28417,
28420,-11.999999999999998
28421,
28422,
28423,-31.999999999999993
28424,
28426,-3.999999999999999
28427,
28428,
28430,-0.9999999999999998
28431,
28433,
28437,
28438,
28444,
28450,-192.9999999999999
28458,-4.999999999999998
28460,-71.99999999999997
28461,
28464,-183.99999999999994
28465,0.9999999999999998
28466,
2847,-6.899999999999998
28472,
28475,
28476,
28477,
28478,3.999999999999999
28479,73.99999999999999
28482,
28484,-11.499999999999996
28486,7.999999999999998
28488,
28490,9.499999999999986
28492,
28502,
28505,106.99999999999997
28509,
28511,
28514,
28515,
28517,
2852,28.4
28521,
28523,
28526,-246.9999999999999
28530,91.99999999999997
28539,
2854,8.999999999999998
2855,
2856,4.999999999999997
28568,
28569,
2857,25.999999999999986
2858,-42.499999999999986
2859,
286,
2860,46.599999999999994
2862,109.50000000000003
2863,-0.19999999999999996
2865,106.28571428571432
28655,
2868,
2869,2.9999999999999996
2870,12.285714285714285
28700,
2872,24.999999999999996
28741,
2875,
28756,
2876,83.80000000000001
2877,46.99999999999999
2878,0.4999999999999998
28788,
2879,54.99999999999998
2881,-1.9999999999999996
2884,50.400000000000006
2888,-36.999999999999986
2892,104.99999999999997
28967,178.99999999999994
28996,
29066,-8.999999999999996
29178,
29182,
29193,-4.999999999999998
2921,55.8
29220,-4.999999999999998
29221,13.999999999999996
29295,
2930,-21.300000000000004
2933,-2.0000000000000004
29454,-19.999999999999993
2947,
295,0.5000000000000014
29556,
29558,
29673,
2972,30.92857142857143
29771,-85.99999999999996
29775,-15.999999999999996
29777,3.999999999999999
29779,-16.999999999999996
29780,
29781,0.9999999999999998
29787,
29788,
29789,
29790,
29793,
29795,249.99999999999991
29796,0.9999999999999998
29797,
29798,
29800,6.9999999999999964
29803,-15.999999999999996
29806,
29807,
29808,
29809,52.99999999999999
29811,-6.4999999999999964
29812,-68.99999999999999
29814,
29815,26.999999999999993
29816,
29817,-29.499999999999986
29820,
29833,
2984,3.0999999999999988
2985,2.499999999999999
29888,54.07142857142859
2997,
30199,197.9999999999999
30216,55.999999999999986
3024,-3.50000000000001
3033,1.6428571428571437
3038,
304,
30470,
30497,0.0
305,65.4
3056,-51.49999999999999
30722,-37.99999999999998
30728,
30730,
30740,22.999999999999993
30749,
30759,133.99999999999994
30762,
3077,
30774,
30778,
30786,
3091,633.9999999999998
3097,
31157,3.8571428571428585
31158,
31159,
31160,
31163,
31165,
31166,112.35714285714286
31167,
31168,-41.39999999999999
31170,56.64285714285716
31171,-6.857142857142858
31172,
31177,
31178,18.99999999999999
31179,
31180,34.99999999999999
31181,
31182,
31183,11.499999999999996
31184,53.28571428571429
31186,-8.071428571428571
31187,
31189,81.99999999999997
31190,-19.571428571428577
31191,-30.999999999999986
31192,
31193,
31194,-8.499999999999998
31198,
31199,30.5
31201,49.999999999999986
31202,9.85714285714286
31203,70.99999999999999
31205,59.19999999999999
31206,-44.999999999999986
31209,
31210,
31211,
31223,
31227,-2.7
3125,28.300000000000004
3126,
31291,
31293,9.999999999999996
3135,0.4999999999999999
31365,-32.99999999999999
314,
3144,
31513,
31518,70.57142857142857
31520,
31529,
31685,
31688,
31692,-52.4
31694,
31695,0.9999999999999998
31696,3.3571428571428577
31697,
31701,
31702,-1.0000000000000002
31704,-0.3999999999999999
31706,4.999999999999996
31707,11.799999999999999
31708,
31712,
31714,
31715,-4.999999999999998
3174,2.9999999999999987
321,
32236,46.999999999999986
32237,32.99999999999999
32241,
32244,-1.25607396694702e-15
32246,-43.99999999999999
32248,
32250,-4.999999999999998
32251,61.99999999999997
32252,80.99999999999996
32259,71.99999999999997
32260,61.99999999999999
32261,-54.99999999999998
32262,16.999999999999996
32264,56.99999999999997
32265,-71.99999999999997
32271,34.999999999999986
32272,72.99999999999999
32273,-9.999999999999996
32277,-153.99999999999994
32279,-73.99999999999999
32280,
32282,
32284,50.999999999999986
32285,261.99999999999994
32289,42.99999999999998
32291,11.999999999999998
32293,
32300,0.9999999999999998
32302,
3241,-91.49999999999999
32413,
3242,
32423,-58.999999999999986
32426,-109.99999999999996
32427,-25.999999999999986
3245,
32488,157.99999999999994
32705,
3272,-31.71428571428571
3275,-6.999999999999998
3276,31.49999999999999
3280,-105.1
3281,-11.199999999999994
3282,46.69999999999999
3284,
3285,8.099999999999998
3286,-1.000000000000001
32862,
3287,
3293,-17.999999999999993
3297,-17.0
3298,41.99999999999999
3299,
3304,-36.57142857142858
33050,3.500000000000001
33051,
33052,26.899999999999995
33053,-9.999999999999996
33054,14.999999999999995
33056,-105.99999999999999
33058,-14.999999999999995
33060,20.999999999999993
33062,11.999999999999998
33063,3.9000000000000004
33065,
33067,177.29999999999995
33068,6.9999999999999964
33069,
33072,-16.699999999999996
33074,-50.800000000000004
33075,-3.299999999999999
33076,-26.999999999999986
33077,
33078,108.92857142857142
33079,
3308,
33080,
33081,
33083,16.9
33084,-30.199999999999992
33085,55.999999999999986
33088,-3.8999999999999995
33089,11.071428571428575
33090,33.57142857142858
33093,
33095,34.19999999999999
33096,
33098,-15.999999999999996
331,1.9999999999999958
33114,
33161,
3318,
332,
3320,-14.49999999999999
3322,32.499999999999986
3323,33.79999999999999
3330,23.500000000000014
3331,1.2499999999999996
33498,
33504,
33506,43.99999999999999
33508,-46.999999999999986
3351,6.642857142857142
33513,-24.999999999999993
33514,-100.99999999999999
33520,
33540,-0.9999999999999998
33675,
3373,3.3571428571428568
3374,55.40000000000001
3377,39.78571428571429
33787,3.999999999999999
3382,29.928571428571416
3383,0.33333333333333326
33969,
34044,-114.49999999999997
34155,
344,12.228571428571428
34406,
34440,8.999999999999996
34443,124.49999999999994
34444,12.999999999999998
34466,-56.99999999999997
34485,5.999999999999999
3450,-10.642857142857146
3451,45.300000000000004
3452,
3453,-0.5000000000000006
34546,
3459,67.99999999999999
346,0.38461538461538464
3461,20.399999999999995
3462,67.29999999999998
3463,129.99999999999994
3464,-17.999999999999993
3469,3.4000000000000092
3474,159.99999999999997
3479,-6.357142857142859
348,
3481,
34880,
3489,433.9999999999998
34961,-79.99999999999997
34962,6.4999999999999964
34964,25.099999999999998
34966,
34967,15.099999999999996
34968,157.99999999999997
34969,5.9999999999999964
34971,
34972,
34973,
34974,3.3571428571428554
34975,
34978,
34982,10.999999999999998
34983,
34990,-14.499999999999995
34991,54.99999999999998
34993,2.9999999999999996
34995,-4.999999999999998
34998,
34999,
35001,
35002,6.999999999999998
35003,73.99999999999999
35005,23.999999999999996
35007,100.99999999999999
35008,-40.999999999999986
35010,96.49999999999994
35011,
35013,26.49999999999999
35014,50.999999999999986
35015,80.99999999999996
35016,3.999999999999999
35018,-49.999999999999986
35019,
35020,
35067,44.642857142857146
35069,12.214285714285714
35070,20.999999999999993
35071,22.28571428571429
35072,-57.99999999999998
35074,-0.4999999999999999
35076,
35102,
35120,
35122,
35125,
35133,
3530,-16.999999999999996
35317,-1.9999999999999996
35319,
35320,
3533,-1.004859173557616e-14
35388,-2.9999999999999996
3539,3.499999999999998
3543,
3544,201.99999999999997
3550,-5.999999999999999
35644,
35649,
3578,19.071428571428566
35883,
35884,
35885,41.999999999999986
35886,-18.499999999999986
35889,39.999999999999986
35893,
35897,
35899,42.99999999999998
359,0.0
35900,
35903,
360,1.8999999999999997
36045,
3605,-9.299999999999999
3613,15.999999999999996
36153,
36184,-114.49999999999994
36188,121.49999999999997
36189,-27.49999999999999
36192,
3622,-1.9999999999999996
3623,-6.114285714285714
3627,-5.399999999999999
3628,-6.200000000000002
3629,
36292,0.9999999999999998
36304,98.99999999999994
36328,55.999999999999986
36336,
3635,
36363,
3639,-52.79999999999998
3641,17.428571428571434
3642,55.6
3643,
3644,-0.8999999999999999
3645,8.499999999999998
3646,
3647,46.9
3648,-65.19999999999999
3649,61.357142857142875
365,-8.999999999999996
3650,18.99999999999999
3651,43.50000000000001
3652,-104.99999999999997
3653,0.6000000000000006
3654,
36553,
3659,
366,
3660,25.999999999999986
3661,
3664,-2.1000000000000014
3669,28.333333333333332
36713,
3672,48.30000000000001
3673,8.07692307692308
36743,
36759,
3697,-12.749999999999996
36982,-0.9999999999999998
36983,0.4999999999999977
36984,29.99999999999999
370,-25.7
3700,75.10000000000001
37036,
37037,-3.999999999999997
37052,35.49999999999998
37054,3.499999999999999
37074,
37103,
37114,
37201,
3727,-91.99999999999997
37311,
37319,
37321,-4.999999999999998
37354,
37356,
37360,
37373,
37563,25.999999999999986
3757,-30.999999999999986
37572,
37578,-0.9999999999999998
37580,-16.49999999999999
3759,0.6999999999999993
37590,
37597,
376,
37604,
37612,
37630,47.499999999999964
37631,
3768,
37730,
37731,
37732,225.99999999999994
37752,-1.9999999999999996
37755,
37757,57.99999999999999
37774,-65.99999999999999
3779,
3780,18.299999999999997
3781,-11.000000000000004
37812,-117.99999999999997
3782,2.399999999999998
37870,
37871,
37879,93.99999999999997
37939,-0.4999999999999998
3798,-0.9999999999999998
3802,107.99999999999997
38050,0.9999999999999998
3807,
3808,-32.499999999999986
38125,-0.9999999999999979
38435,
38436,65.99999999999999
38438,10.999999999999998
38439,96.99999999999997
38440,
38442,-16.499999999999993
38443,
38444,-61.99999999999997
38445,-35.999999999999986
38446,16.999999999999996
38447,
38578,13.499999999999996
3858,-41.999999999999986
38617,
38618,
38619,
38621,14.999999999999995
38625,
38628,
38632,
38638,
38639,5.999999999999999
38640,5.4999999999999885
38642,
38643,-63.999999999999986
38644,
38646,
38648,
38650,
38651,-64.49999999999997
38652,
38654,17.499999999999993
38655,
38657,42.99999999999998
38658,3.999999999999999
38659,
38699,
38700,
3871,22.999999999999993
3876,3.999999999999999
3882,31.999999999999993
38855,36.1
39011,
39013,
39016,
39018,
39019,
39023,
39029,
39035,47.499999999999986
39038,
39040,
39041,-210.99999999999994
39042,
39043,
39044,
39047,
39051,
39064,
39065,
39066,
39070,
39071,
39074,
39081,
39082,
39084,
39092,24.999999999999993
39094,
39095,
39097,
39100,
39105,
39107,
39108,
39109,82.49999999999997
39110,
39111,
39113,
39117,
39121,
39125,
39129,
39130,
39132,
39133,
39137,
39141,
39144,
39148,
39150,
39151,
39153,
39157,
39158,
3916,96.90000000000002
39161,
39165,
39166,8.999999999999996
3917,
39176,
39177,23.499999999999993
39178,
39180,
39181,
39182,
39183,
39186,
39193,
392,
39200,
39201,
39202,
39208,-89.99999999999997
3921,22.230769230769234
39210,
3923,-94.99999999999997
3926,-30.699999999999996
39288,
393,0.6428571428571523
39355,104.49999999999997
39357,
39358,
39359,
39360,
39361,
39362,
39365,
39366,
39374,
39375,20.999999999999993
39376,
39378,
39379,
39380,4.499999999999998
39381,
39383,15.499999999999993
39384,
39385,
39386,
39387,-0.9999999999999998
39389,
39391,
39392,
39393,
39394,3.999999999999999
39395,46.999999999999986
39396,-84.99999999999997
39397,-10.999999999999998
39398,
39400,41.999999999999986
39401,56.99999999999997
39402,
39403,
39404,-4.000000000000007
39405,
39406,
39407,
39408,-164.99999999999994
39409,12.999999999999993
39410,-85.99999999999996
39412,-1.9999999999999993
39413,-4.999999999999998
39414,-3.999999999999999
39416,
39418,-14.999999999999995
39419,4.999999999999998
39420,
39421,
39422,
39423,
39424,
39425,
39426,
39427,
39430,
39431,31.999999999999993
39432,
39433,
39434,
39435,-18.499999999999996
39436,-49.999999999999986
39437,
39438,
39441,
39444,
39447,
39449,
39450,
39454,
39455,
39481,
39490,16.999999999999996
39491,
39493,
39494,
39495,
39497,
39499,5.999999999999999
395,45.99999999999999
39501,
39502,
39503,
39504,
39506,20.499999999999964
39508,
39535,
39536,
39537,
39539,
3954,
39541,
39542,
39544,23.499999999999993
39545,18.99999999999999
39548,
39550,24.499999999999996
39551,-6.999999999999998
39553,
39558,1.4999999999999998
39637,
39638,
39641,36.99999999999999
39642,80.99999999999996
39657,
3967,26.999999999999993
39672,26.999999999999986
39869,
4007,354.9999999999999
4009,
40230,88.99999999999997
40232,-2.9999999999999996
40233,6.4999999999999964
40236,50.999999999999986
40238,
40239,
40241,
40243,
40249,
40250,-0.9999999999999998
40252,-29.99999999999999
40254,
40255,
40256,3.999999999999999
40257,-34.999999999999986
40258,
40259,-3.999999999999999
4026,6.399999999999999
40260,71.99999999999997
40263,
40265,
40266,
40268,1.25607396694702e-15
4027,-38.99999999999999
40270,192.5
40272,23.999999999999996
40279,
40282,22.499999999999996
40283,
40285,
40286,
40287,
40289,1.9999999999999996
40290,
40292,
40293,2.9999999999999996
40294,-4.999999999999998
40296,
40299,
403,-33.49999999999998
40300,-10.999999999999998
40301,
40302,
40303,13.999999999999996
40304,-8.999999999999996
40305,
40306,11.999999999999998
40307,
40309,
40310,
40313,17.999999999999993
40314,-19.999999999999993
40315,
40317,
40318,
40319,
40321,
40322,
40323,-21.999999999999996
40326,
40327,-15.000000000000004
40328,-53.999999999999986
40329,7.999999999999998
4033,4.799999999999999
40330,-0.9999999999999998
40331,4.000000000000001
40333,-4.999999999999998
40334,
40336,
40337,
40338,
40340,26.999999999999993
40341,29.99999999999999
40342,2.9999999999999996
40343,-34.999999999999986
40344,62.99999999999998
40345,
40346,-29.499999999999993
40348,5.999999999999999
40350,
40351,
40352,
40355,10.999999999999998
40357,30.999999999999986
40358,14.999999999999995
40359,
40360,
40361,
40365,
40366,
40367,-36.99999999999999
40369,-41.999999999999986
4037,
40370,6.999999999999998
40371,
40373,17.999999999999993
40374,5.999999999999999
40378,
40384,
4039,-67.7
40390,
40402,
40403,
4041,
4055,-208.99999999999994
4056,-14.57142857142857
4063,-5.999999999999999
4067,-7.499999999999996
4068,25.571428571428562
4069,71.99999999999997
4071,
4072,1.6666666666666665
4074,9.1
4076,36.49999999999999
4077,7.300000000000003
4079,-4.999999999999998
408,
4080,3.4000000000000004
409,
40912,
40914,-10.999999999999998
4101,35.400000000000006
4102,193.99999999999994
4106,81.49999999999999
4111,42.1
41110,-5.999999999999999
4117,-59.89999999999999
41175,
4118,-39.999999999999986
4119,
4137,50.73076923076924
41373,
41379,
41380,
4139,
41393,34.999999999999986
4149,
41509,
4153,31.699999999999992
4155,-16.999999999999996
4161,-58.14285714285713
4173,8.499999999999998
41749,-13.999999999999996
41765,-2.9999999999999996
41787,
41794,
41823,-69.99999999999997
41825,-49.999999999999986
41839,
4201,3.999999999999999
4208,-64.99999999999997
4209,58.49999999999997
4210,31.4
4211,87.29999999999998
4219,8.200000000000006
4221,
4223,
4227,
4229,-3.0285714285714285
4235,0.9999999999999998
4237,-0.5
4246,-36.0
4250,-14.999999999999995
4253,-31.99999999999999
4254,184.99999999999994
42548,0.0
4256,
4257,20.499999999999993
4260,112.60000000000001
42617,
42618,-2.9999999999999996
42626,
42631,44.499999999999986
42633,-0.9999999999999998
42634,-38.99999999999999
42636,-48.99999999999999
42637,
42647,-5.999999999999999
42649,4.999999999999998
4265,-2.9999999999999996
42650,
42652,
42653,
42655,
42658,
42663,
42665,-24.999999999999993
42667,
42670,-15.999999999999996
42672,
42674,
42679,
42681,-103.99999999999994
42682,
42685,6.999999999999998
42686,76.99999999999997
42687,108.99999999999994
42691,
42695,-0.9999999999999998
42696,
42697,-33.99999999999999
42699,
4270,
42702,
4271,40.999999999999986
4274,15.214285714285712
4275,
4276,8.999999999999996
4277,-53.999999999999986
4278,7.000000000000002
42815,29.49999999999999
42816,-202.9999999999999
42817,6.999999999999998
42820,52.99999999999998
42821,
42823,
42826,
42828,-17.999999999999996
42829,-21.999999999999996
42830,
42834,90.49999999999994
42835,
42838,-14.999999999999995
42839,4.499999999999986
42840,4.999999999999998
42842,
42843,-38.99999999999999
42844,158.99999999999994
42845,51.99999999999997
42847,-65.0
42849,77.99999999999999
42852,0.9999999999999998
42853,
42856,
42857,
42859,
42860,33.99999999999998
42862,
42863,
42866,30.49999999999996
42867,27.999999999999986
42869,
42870,91.99999999999997
42871,10.499999999999984
42872,
42874,
42876,-40.999999999999986
42877,
42878,
42879,14.99999999999999
4288,3.0
42880,
42881,-4.999999999999998
42882,148.99999999999994
42884,15.499999999999982
42885,-62.99999999999999
42886,
42891,6.499999999999992
42893,
42894,116.49999999999997
42897,-6.500000000000032
42898,0.0
42899,
4290,
42901,
42902,24.999999999999993
42905,
42906,
42907,
42909,
4291,13.999999999999998
4293,-62.99999999999998
4295,-32.99999999999999
43092,
4320,
4321,
4322,-19.49999999999999
4323,32.0
4324,
4325,96.29999999999998
4326,15.857142857142858
43267,4.999999999999997
43268,-40.999999999999986
43269,
43270,-16.999999999999996
43271,
43272,52.99999999999999
43273,
43275,
43276,-9.42055475210265e-16
43277,-22.999999999999993
43278,0.9999999999999998
43279,12.999999999999993
43280,
43281,
43282,
43283,-19.499999999999996
43284,
43285,
43286,
43287,0.9999999999999998
43288,
43289,
43290,
43291,
43292,-44.999999999999986
43293,-45.999999999999986
43294,48.499999999999986
43295,18.499999999999996
43296,
43298,-27.999999999999993
43299,-2.499999999999999
43301,-15.499999999999993
43303,
43305,
43308,2.5
43309,
43310,
43311,-10.499999999999993
43312,-1.4999999999999998
43314,15.999999999999993
43316,
43318,-21.999999999999996
43319,-29.99999999999999
43320,
43321,
43322,-1.4999999999999998
43323,
43324,
43325,
43327,
43328,
43329,8.499999999999996
43330,33.49999999999999
43332,
43333,
43334,
43336,
43338,
43340,42.499999999999986
43341,
43342,-3.999999999999999
43343,
43345,-26.999999999999993
4335,0.9999999999999998
4338,-6.192307692307693
4340,
4342,2.142857142857145
4344,-12.999999999999993
43587,
43591,0.9999999999999998
43592,
43593,
43594,
4362,79.49999999999999
4367,
4368,
4369,152.79999999999998
4372,12.300000000000002
4373,2.4
43774,86.59999999999997
43798,
43815,-112.99999999999997
43899,89.99999999999997
43900,8.999999999999996
43901,
43902,
43903,-132.49999999999994
43904,-9.999999999999996
43905,
43906,57.99999999999998
43907,5.999999999999993
43908,-11.500000000000002
43909,-19.000000000000004
4391,-34.199999999999996
43910,0.0
43913,
43914,-44.999999999999986
43915,
43916,
43917,-0.5000000000000001
43918,-15.999999999999996
43919,136.99999999999997
43920,
43921,
43922,
43923,-144.49999999999991
43924,-65.99999999999999
43925,4.999999999999998
43927,1.9999999999999996
43930,-113.49999999999994
43931,322.99999999999994
43932,23.999999999999996
43933,-25.999999999999986
43934,-23.499999999999996
43936,
43937,3.4999999999999964
4394,
43941,19.999999999999993
43944,
43945,-3.999999999999999
43946,-35.49999999999999
43947,-128.99999999999997
43948,0.9999999999999998
43949,-3.9999999999999987
43950,-21.999999999999996
43951,-60.999999999999986
43952,-137.99999999999994
43953,
43954,
43955,-33.99999999999999
43956,
43957,0.0
43958,
43959,-4.999999999999998
43961,
43962,
43963,58.999999999999986
43964,-131.49999999999997
43965,-6.499999999999999
43967,-108.49999999999999
43968,6.999999999999996
43969,
43970,37.99999999999998
43971,-37.999999999999986
43972,-8.999999999999996
43973,26.999999999999993
43974,
43975,
43977,
43978,
43980,-16.999999999999996
43981,
43982,0.9999999999999992
43983,-14.999999999999995
43984,4.999999999999998
43985,364.99999999999994
43986,
43987,-1.25607396694702e-15
43989,
43991,-1.4999999999999998
43993,27.999999999999993
43994,
43995,
43996,-100.99999999999999
4409,49.90000000000002
4412,
4413,2.499999999999999
44178,87.99999999999999
44184,0.9999999999999998
44185,
44260,
443,11.999999999999998
44476,
44477,2.9999999999999996
44478,
44479,
44480,
44482,
44483,
44486,
44491,22.999999999999993
44492,
44497,
4450,
44501,
44502,-20.999999999999993
44503,1.9999999999999991
44504,-17.499999999999993
44505,48.499999999999986
44508,91.49999999999997
44509,-22.999999999999982
44510,
44512,-14.499999999999995
44516,0.9999999999999998
4460,3.333333333333333
4468,
4470,-14.599999999999994
4472,-4.333333333333333
44762,36.99999999999999
44765,
44793,72.49999999999997
44795,
44797,
44801,
44804,
44807,
44810,
44814,
44815,
44816,7.999999999999998
44817,
44818,
44820,
44822,
44826,
44832,
44834,
44835,82.99999999999999
44836,
44837,
44839,
44840,
44842,
44843,
44844,
44846,178.99999999999994
44847,
44848,
44851,
44853,
44857,
4486,65.30000000000001
4487,3.8999999999999995
4488,
4489,-0.6538461538461536
4491,5.699999999999998
4494,-52.29999999999999
4499,-0.3999999999999997
4505,-4.214285714285714
45080,
45136,
45204,-18.99999999999999
45205,-17.999999999999993
45207,27.999999999999993
45208,7.999999999999998
4522,
4526,-26.999999999999993
45268,2.0000000000000036
45364,
45371,-10.499999999999996
45381,6.999999999999998
45383,
45384,162.99999999999994
45385,
45386,69.99999999999997
45390,-49.999999999999986
45392,174.99999999999994
45393,95.99999999999999
45395,
45400,-51.99999999999997
45404,
45416,
4543,12.399999999999999
45494,16.499999999999996
45497,
45499,26.499999999999996
45500,
45501,
45507,
45509,
45512,7.499999999999997
45513,
45515,
45518,
45519,50.49999999999999
45520,
45521,
45529,4.499999999999998
4571,1.2499999999999996
45713,60.49999999999996
4572,-0.5000000000000014
45740,
45752,-19.999999999999993
45760,
45781,
45785,
45792,
45939,-8.499999999999998
45945,
45949,
45950,
45952,1.4999999999999982
45953,
45954,
45959,
45962,-1.4999999999999993
45963,0.5000000000000006
45965,-0.9999999999999998
45966,82.99999999999999
45969,
45970,
45971,-7.999999999999998
45972,
45975,
45976,
45977,84.99999999999997
45979,19.499999999999996
45980,-15.999999999999996
45981,
45982,0.0
45983,36.49999999999999
45984,
45986,18.99999999999999
45988,
45989,-49.499999999999986
45990,-54.499999999999986
45991,
45992,32.499999999999986
45993,52.499999999999986
45994,
45996,
45997,
45999,
46,
46002,4.999999999999998
46003,10.499999999999996
46004,-15.499999999999993
46005,4.999999999999998
46007,
46008,
46009,4.999999999999998
46011,
46013,-10.499999999999998
46014,
46015,
46018,
46019,0.9999999999999998
46020,26.999999999999993
46021,
46023,
46026,-258.9999999999999
4604,-12.999999999999993
46040,
46050,23.999999999999996
46051,
46052,
46053,-4.999999999999998
46054,
46055,0.0
46056,8.999999999999996
46058,-1.499999999999997
46059,
46060,10.999999999999998
46062,74.99999999999999
46063,
46064,
46065,
46066,44.999999999999986
46069,
4607,-20.999999999999993
46070,-11.000000000000002
46071,
46072,-8.5
4608,4.999999999999998
46137,-63.999999999999986
4614,-10.500000000000005
46148,
46160,
4617,
4618,-83.99999999999997
4624,69.99999999999997
46279,3.499999999999999
46280,-4.499999999999997
46283,
4632,
4633,
4636,6.057142857142857
4639,
4641,1.4000000000000006
4650,
4651,0.0999999999999989
46521,
46527,
4653,45.999999999999986
4655,
4656,0.0
4658,13.700000000000001
4662,-6.0
4663,
4665,-3.333333333333333
467,149.99999999999994
4681,
4685,
4686,
4692,-6.199999999999998
46982,
46988,2.9999999999999996
46991,2.999999999999998
46992,31.999999999999993
46996,
47,44.80000000000001
470,2.9999999999999996
4701,
47017,
4703,-52.89999999999999
4704,-58.999999999999986
47050,17.999999999999993
4707,64.49999999999997
4708,53.99999999999998
4709,-8.499999999999995
4710,
4711,-32.99999999999999
4712,-102.99999999999997
4714,
4715,-25.999999999999986
4716,-2.4
4722,0.8000000000000024
47259,
47314,11.999999999999998
47335,
47336,4.999999999999998
47337,
47339,
47340,0.0
4736,81.1
47364,46.999999999999986
47368,63.999999999999986
47369,
47370,150.99999999999997
47380,
47430,61.99999999999997
4744,-1.4999999999999998
4745,
4746,26.214285714285708
4747,57.8
47479,
47483,
4751,
47511,
47514,
47521,
47526,
47527,34.999999999999986
47528,
4753,204.99999999999994
47531,
4755,60.800000000000004
4757,23.499999999999993
4758,118.99999999999994
4759,
4760,-77.99999999999999
4767,
47694,
47703,26.49999999999999
47704,
47705,
47710,
47711,
47721,-24.499999999999996
47724,40.999999999999986
4773,161.10000000000002
47730,
47731,-32.499999999999986
47732,
47733,
47734,94.99999999999997
47735,50.49999999999999
47736,
47738,
47739,17.999999999999993
4774,3.285714285714286
47760,48.499999999999986
47763,-12.499999999999996
47768,0.0
47770,1.9999999999999996
47771,
47773,21.999999999999996
47774,-0.4999999999999999
47775,
47777,
47778,72.49999999999997
47779,
47780,61.99999999999997
47783,
47787,
4779,1.2307692307692308
47793,
47795,71.99999999999997
47796,48.99999999999999
478,-151.99999999999991
4780,245.99999999999991
47801,
47804,
47805,
47815,
47818,-10.999999999999998
47820,
4783,98.99999999999997
4784,
47848,
47860,15.999999999999996
47863,
47864,
47872,277.9999999999999
47873,137.99999999999997
47886,
47890,
479,6.100000000000002
4790,
47909,
47918,
47919,
47922,
47923,
47924,
47929,
4793,
47933,
47947,
47961,
47974,
47977,-69.99999999999997
47980,
47983,
47986,
47988,
47990,
47991,
47992,
48019,
4805,
4806,-1.500000000000002
4809,-18.99999999999999
4812,
48142,18.0
4816,-0.6923076923076925
4817,220.39999999999995
4818,-0.9999999999999998
4819,39.999999999999986
4820,108.29999999999998
4821,-38.1
4823,31.20000000000001
4824,14.499999999999998
4826,0.0
48278,
48281,85.99999999999996
4830,
48306,
48307,
4837,3.1428571428571446
4838,
4840,-114.99999999999996
4842,40.999999999999986
4847,33.99999999999999
48498,
48499,
48504,
48505,
48510,
48520,
48522,
4853,-14.19999999999999
4854,81.28571428571426
48545,
48546,
48548,
48552,1.9999999999999996
48554,
48555,68.99999999999999
48556,
4856,2.9999999999999987
48563,-33.99999999999999
48564,77.99999999999999
48566,
48569,
48572,
48575,20.999999999999993
48616,
487,-12.999999999999996
4874,3.999999999999999
48741,
48766,-39.999999999999986
48767,
48768,
48769,
48771,-10.999999999999998
48780,
48783,
48794,
48795,
48796,-1.9999999999999996
48797,-32.99999999999999
48799,
48801,
48803,
48804,
48805,
48810,
48811,-6.999999999999998
48813,
48815,
48816,
48819,-58.999999999999986
48820,
48823,
48827,
48828,-3.999999999999999
48829,
48830,
48856,
48892,232.99999999999994
48936,
48941,
48944,-21.999999999999996
48946,
48947,
48948,
4895,5.799999999999999
48950,1.9999999999999996
48953,
48954,
48956,
48957,
48959,
4900,1.3000000000000012
49003,
4901,-4.499999999999998
4902,7.199999999999999
49027,
4904,53.65384615384615
4908,
492,-67.7
4926,10.3
49265,
49268,
49343,
49369,
494,-100.99999999999999
4947,
496,-30.999999999999986
49626,
49665,
49666,
49670,-33.99999999999999
49674,248.9999999999999
49677,
49682,137.99999999999997
497,19.4
4973,
4974,-62.99999999999998
49803,
49805,
49811,
49815,
49816,
49818,
49820,
49822,
49826,
49827,
49832,-29.99999999999999
49833,
49835,-95.99999999999999
49836,
4985,-57.499999999999986
49850,
49851,10.999999999999998
4986,-99.69999999999997
499,0.7999999999999912
4992,18.499999999999996
4995,80.49999999999999
500,0.0
5010,54.49999999999997
50192,
50196,-2.9999999999999996
502,-8.999999999999996
50206,
50250,-28.499999999999986
5028,52.99999999999999
50280,
50284,
50285,-78.99999999999997
50286,
50287,
5029,21.2
50293,
50333,
5034,-19.2
5039,39.400000000000006
504,8.428571428571427
5041,-0.20000000000000018
505,37.00000000000002
5050,-166.49999999999994
5053,23.999999999999996
50589,
506,37.9
5062,
5065,
5066,
5068,-11.999999999999998
507,-15.799999999999994
5071,-202.9999999999999
5073,6.428571428571424
51064,
51078,43.99999999999999
51083,
51087,
51263,
51290,
51293,
51346,-6.999999999999998
51390,
51438,
51699,
51707,
51864,
5189,38.68571428571428
52040,
52048,
52050,
52051,
52054,
52056,
52059,
52060,
52064,
52070,
52071,
52072,
52073,
52074,
52075,
52076,
52086,
52089,
52091,
52095,
52099,
52101,
52102,
52104,
52107,
52109,
52112,
52114,
52115,
52117,
52119,
52121,-0.9999999999999998
52124,
52128,
52152,26.999999999999993
52346,
52347,
52348,45.999999999999986
52358,
52359,
52362,
52368,
52377,
52378,
52379,
52382,
52384,
52390,
52393,
52394,
52396,
524,-42.49999999999999
52402,
52408,
52414,
52418,
52421,
52422,
52423,
52425,
52426,
52430,
52431,
52432,
52433,
52434,
52436,
52438,
52443,
52444,
52446,
52455,11.999999999999998
52658,
52660,
52675,
52678,
52679,-10.999999999999998
52682,
52683,
52729,
53167,
53174,
53192,
53222,
53474,
535,-81.49999999999999
53627,
53630,
53644,
53647,
53675,
53748,
53776,
53839,31.999999999999993
53840,
53842,
53843,
53844,
53848,
53851,
53971,-72.99999999999999
54140,
54182,
542,
54228,
54233,
54409,
54410,
54413,
54414,
54429,
54430,-72.99999999999999
54431,
54432,
54433,
54435,
54436,
54437,
54438,
54440,
54441,
54442,
54443,
54461,-111.99999999999997
54462,
54464,
54471,
54508,
54519,
54528,
54538,
54541,5.999999999999999
54544,
54586,
54600,
5471,21.857142857142858
548,14.999999999999995
54811,
54817,
54818,
54831,
54836,
54839,
54842,
54846,
54847,
54848,
54849,
54850,
54851,
54852,
54853,
54854,
54855,
54856,
54857,
54866,
54867,
54869,
54870,
54871,
54872,
54873,
54874,
54875,
54877,
54879,
54880,
54881,
54884,
54887,
54888,
54889,
54892,
54893,
54894,
54895,
54896,
54897,
54898,
54899,
54901,
54902,
54907,
54908,18.99999999999999
54909,
54910,
54911,
54912,
54913,
54914,
54915,
54916,
54921,
54924,
54925,
54926,
54930,
55390,
55392,41.999999999999986
55393,
55401,
55402,-1.9999999999999996
55403,
55408,
55409,
55410,
55411,
55414,
55418,
55419,
55420,
55422,
55424,
55425,
55426,
55430,90.99999999999999
55434,
55437,
55439,
55445,
55446,
55448,
55451,-222.99999999999994
55452,
55454,
55457,
55459,
55460,
55461,
55463,
55464,
5553,155.39999999999995
55538,
55539,
5557,-16.999999999999996
5562,0.0
55672,
55683,
55742,
55744,
5575,-25.799999999999997
55753,
5576,93.99999999999997
5577,10.000000000000002
5578,-21.099999999999998
5581,2.9999999999999996
5585,-156.49999999999997
5596,-22.499999999999993
5598,-46.99999999999999
5599,-23.600000000000012
5601,
5607,0.9999999999999998
5608,-83.70000000000002
5611,-18.99999999999999
5615,
5616,
56172,
56174,-203.99999999999994
56176,
56177,
56180,
56181,
56183,
56184,
56185,1.9999999999999996
56186,13.999999999999996
56187,
5621,-2.2571428571428567
56237,-32.99999999999999
56238,-99.99999999999997
5626,-26.999999999999986
5627,-73.99999999999999
5630,25.099999999999998
56325,0.9999999999999998
56330,-116.99999999999997
5634,-208.99999999999994
56340,
56343,-67.99999999999999
56346,-21.999999999999996
5635,29.999999999999993
56350,
56359,-7.999999999999998
56360,14.999999999999995
56362,-2.9999999999999996
56364,36.99999999999999
56365,
56366,
56369,-8.999999999999996
5637,-10.999999999999998
56370,
5638,2.0
56380,-176.99999999999991
56384,
56386,
56387,47.99999999999999
56391,
56393,
56395,
5645,-35.8
56463,
56465,
56467,41.999999999999986
5648,-8.9
5649,1.2999999999999998
5650,-1.9999999999999982
5651,-24.499999999999986
56516,92.99999999999999
56517,2.9999999999999996
56538,
56541,
56543,
56544,87.99999999999999
56548,
56550,
56554,-44.999999999999986
56555,
56556,
56559,-11.999999999999998
56560,21.999999999999996
56561,
56562,
56563,
56565,
56567,
56571,-97.99999999999999
56573,-4.999999999999998
56575,
56578,
5658,
56581,56.99999999999997
56583,
56584,
5659,-13.100000000000001
56592,1.9999999999999996
56593,
56594,105.99999999999999
56595,130.99999999999997
56596,0.9999999999999998
56598,-13.999999999999996
56599,174.99999999999994
5660,16.700000000000003
56600,
56603,67.99999999999999
56604,52.99999999999999
56605,
56608,
56609,165.99999999999997
5661,-28.300000000000004
56610,15.999999999999996
56611,92.99999999999999
56612,
56613,122.99999999999997
56615,224.99999999999994
56618,
56619,9.999999999999996
5662,2.285714285714285
56620,15.999999999999996
56621,
56622,
56623,78.99999999999997
56624,
56625,
56626,
56627,48.99999999999999
5663,13.999999999999998
56630,
56631,
56632,34.999999999999986
56633,
56634,
56635,111.99999999999997
56637,
56638,
56639,
5664,
56640,
56641,22.999999999999993
56643,-0.9999999999999998
56646,48.99999999999999
56647,
56648,
56649,47.99999999999999
5665,-8.59999999999999
56650,-18.99999999999999
56651,
56652,
56654,-59.99999999999998
56655,-7.999999999999998
56656,23.999999999999996
56657,53.999999999999986
56659,
5666,-30.999999999999986
56661,
56662,-20.999999999999993
56664,
56665,
56666,
56668,
56669,
56676,
5668,-91.90000000000002
56685,
56693,-23.999999999999996
56697,137.99999999999997
5670,0.8000000000000007
56705,
56712,-90.99999999999999
56715,
56716,-66.99999999999997
56722,
56732,
56733,
5674,-18.742857142857147
56756,
5676,37.7142857142857
56763,
56767,
5678,
5679,-32.400000000000006
56795,11.999999999999998
56797,62.99999999999998
56799,176.99999999999991
5680,16.2
56800,-5.999999999999999
56801,
56802,-67.99999999999999
56803,
56805,
56806,26.999999999999993
56807,
56809,75.99999999999996
5681,36.400000000000006
56810,-25.999999999999986
56811,108.99999999999994
56812,
56815,12.999999999999993
56816,-21.999999999999996
56817,16.999999999999996
56818,63.999999999999986
56819,
5682,1.0999999999999999
56820,
56822,
56823,
56824,
56825,
56826,
56827,-4.999999999999998
56828,
56830,60.999999999999986
56834,
5684,0.0
5686,
5687,-3.7857142857142874
5689,
5690,-13.1
5691,-33.99999999999999
5692,
5699,
57003,
57004,
57007,
57064,
57070,-101.99999999999997
57081,
571,-15.0
5737,-46.999999999999986
57373,24.999999999999993
5738,18.99999999999999
57383,
5739,-32.4
57431,
57432,
57433,-11.999999999999998
57435,
57437,
57438,
57441,
57442,
57443,31.999999999999993
57444,
57445,
57447,
57448,
57450,16.999999999999996
57452,
57455,
57456,
57457,
57458,
57459,-12.999999999999993
57461,
57463,
57465,
57466,
57468,
57470,28.99999999999999
57471,
57472,
5750,8.428571428571427
5769,9.799999999999995
5785,-4.500000000000006
5787,-43.99999999999999
5792,
5795,-8.999999999999996
5799,-8.699999999999998
57992,40.999999999999986
57994,
57995,
57996,
57997,
57999,
58000,102.99999999999997
58001,
58006,
58009,
58010,56.99999999999997
58013,21.999999999999996
58014,8.999999999999996
58036,
58037,
5805,-10.799999999999995
5808,-35.4
58085,
5809,3.9999999999999982
5810,-193.99999999999994
5811,
58134,-19.999999999999993
58135,130.99999999999997
58136,
58137,-87.99999999999999
58138,
58143,
58144,
58149,193.99999999999994
58151,-96.99999999999997
58152,
58155,
58159,114.99999999999996
58160,
58161,
58162,-88.99999999999997
58163,-7.999999999999998
58164,
58165,49.999999999999986
58166,
58167,
58168,
58169,-140.99999999999997
58171,-7.999999999999998
58172,-13.999999999999996
58173,-123.99999999999994
58178,265.99999999999994
58179,286.9999999999999
58181,-67.99999999999999
58182,
58184,-3.999999999999999
58185,20.999999999999993
58187,-139.99999999999994
58188,0.0
58189,-10.999999999999998
58190,59.99999999999998
58192,
58214,
58232,
58239,-144.99999999999994
58240,-106.99999999999997
58241,
58243,
58246,10.999999999999998
58253,
58258,-37.99999999999998
58260,-111.99999999999997
58268,
58270,
58282,-48.99999999999999
58293,
58295,
58299,
58328,
58329,
58338,-68.99999999999999
58360,
58362,
58367,
5837,15.800000000000013
5838,19.999999999999993
5839,-6.1999999999999975
58393,-71.99999999999997
58396,-12.999999999999993
58398,
58404,
5841,1.400000000000002
58416,
58418,-8.999999999999996
58420,4.999999999999998
58421,
58422,-12.999999999999993
58423,-34.999999999999986
58424,148.99999999999994
58425,-10.999999999999998
58426,8.999999999999996
58427,-71.99999999999997
5844,0.0
5845,32.99999999999999
58619,
58634,31.999999999999993
58636,-29.99999999999999
58637,-0.9999999999999998
58638,-203.99999999999994
58639,
58642,
58644,
5866,
5871,-2.9999999999999996
5872,
58726,
58727,9.999999999999996
58729,16.999999999999996
58731,-27.999999999999993
58734,-4.999999999999998
58735,
58743,-0.9999999999999998
58744,
58746,
58749,
58750,
58751,
5882,-8.499999999999988
58859,81.99999999999997
58865,-8.999999999999996
58912,
5892,-1.9999999999999996
59064,
59067,35.999999999999986
59068,
59070,
59071,
59080,
59084,
59085,
59086,130.99999999999997
59116,
5912,
5913,-111.99999999999997
5915,
59153,
59154,
59155,102.99999999999997
59162,103.99999999999994
59163,39.999999999999986
59211,15.999999999999996
59216,
5922,
59271,
59279,-10.999999999999998
5928,-51.90000000000001
59287,
59288,
59299,20.999999999999993
5930,
59300,
59302,
59304,70.99999999999999
59305,
59306,57.99999999999998
59307,
59308,
59311,86.99999999999997
59313,63.999999999999986
59317,
59318,-48.99999999999999
59320,
59321,
5933,20.999999999999993
59330,-21.999999999999996
59332,
59333,308.9999999999999
59335,
59336,89.99999999999997
59343,-6.999999999999998
59344,
59346,46.999999999999986
59351,
5939,19.499999999999996
5940,0.0
59417,
5944,-5.700000000000001
5949,4.999999999999998
5953,
5956,
5957,150.7
59580,
5959,16.2
59590,
59591,
59593,
59594,
59596,
59597,
5960,-5.999999999999999
59600,
59601,
59603,
59605,
59607,
59608,
5961,33.6
59611,
59612,
59613,
59620,
59622,
59652,
5966,
59688,
5969,-11.500000000000004
5971,
5972,3.6000000000000014
59724,
59728,
59729,
59730,
59732,
59734,
59735,
59737,
5977,
5979,
59848,
5985,43.499999999999986
59873,
59876,
5988,-10.999999999999998
59881,
59883,
599,
5990,
5991,6.000000000000001
59925,
59926,
59934,
60114,
60115,
60119,
60121,-22.999999999999993
6025,
6038,95.99999999999999
6046,-18.99999999999999
6047,22.999999999999993
605,
60502,
60504,
6054,16.499999999999993
60542,
60543,
6058,-4.710277376051325e-16
6059,-63.4
6060,-1.5000000000000004
6061,-122.49999999999996
60634,
60635,72.99999999999999
60637,
60638,
60639,
60664,
60667,
60674,
60681,
60688,
60689,
60700,
60796,
60798,
60799,
6097,22.999999999999993
61443,
61502,
6160,-20.2
6161,-5.6
6162,-0.9999999999999998
6172,-12.999999999999993
6176,
6179,
6180,
61889,
61890,
62028,
62036,
6235,-28.599999999999998
62358,
6236,
6237,-0.20000000000000032
6238,
6240,-1.6999999999999995
6243,-48.499999999999986
6245,-1.807692307692308
6247,10.5
62473,
62475,
6250,
62505,
6252,
62525,
62526,
6256,5.9
6263,70.99999999999999
6264,1.9999999999999933
6265,30.400000000000006
62650,
62679,
6268,33.99999999999999
62680,
62681,
62686,
62693,
62694,
62695,
62708,
6272,-17.89999999999999
6273,-20.0
62781,
62783,
6280,-37.699999999999996
6281,268.8
6282,
6283,27.999999999999996
6284,-5.900000000000001
6285,-0.2142857142857143
62852,
62853,
62854,
62856,
62857,
6286,26.200000000000003
62861,
62862,
62867,
62868,
6287,5.749999999999998
62870,
62871,
62874,
62875,
62876,
62877,
62879,
6288,66.20000000000002
62881,
62882,
62883,
62884,
62888,
62889,
62898,
62900,
62901,
62902,
62904,
62906,
62907,
62908,
62909,
62912,
62916,
62918,
62922,
62923,
62925,
62926,
62928,
62930,
62932,
6297,-4.999999999999998
63019,
63042,
63044,
63049,
63050,
63052,
63053,
63059,
63062,
63065,
63066,
63067,
63068,
63069,
63070,
63071,
63073,
63074,
63075,
63076,
63077,
63086,
63087,
63088,
63089,
63091,
63092,
63093,
63094,
63095,
63096,
63102,
63104,
63109,
63112,
63125,
63131,
6314,-1.7999999999999998
63166,
63167,
6319,
6321,3.699999999999999
6322,-7.4
6323,
63271,
6328,41.999999999999986
63387,
6342,-2.0000000000000013
63496,
63501,
63503,
6351,-1.9999999999999996
63513,
6352,-6.999999999999998
63523,
63526,
63536,
63538,
6354,-3.999999999999999
63545,
63547,
63548,
6355,34.50000000000001
6356,13.899999999999997
63564,
63565,
63567,
63568,
63569,
63570,
63575,
63580,
63586,
6359,2.249999999999999
6360,13.285714285714288
63600,
6362,
63662,
63663,
63664,
63665,
63666,
63667,
63669,
6369,42.64285714285714
63703,
63705,
63706,
63707,
6371,
63712,
63716,
63718,
63720,
63721,
63722,
63723,
63725,
63726,
63727,
63729,
63730,
63731,
63732,
63735,
63737,
63738,
63739,
63740,
63741,
63742,
63743,
63745,
63748,
63749,
63750,
63751,
63754,
63768,
63769,
6377,-42.99999999999998
63770,
63772,
63780,
63788,
63793,
63794,
63803,
63804,
63806,
63807,
63809,
63812,
63833,
63837,
6384,-156.99999999999991
63853,
63868,
63869,
6387,27.74999999999999
6389,-5.1999999999999975
6392,
63945,
6395,-5.749999999999999
6396,127.60000000000001
6398,-0.5000000000000006
64046,
6406,63.249999999999986
6407,-7.499999999999985
6408,20.542857142857137
6409,63.999999999999986
6410,34.49999999999999
6411,-91.99999999999997
6412,22.599999999999994
6413,9.999999999999996
6414,19.999999999999993
6415,-13.228571428571426
6418,27.71428571428571
6419,-6.485714285714286
6422,24.7
6423,68.30000000000001
6424,109.99999999999996
6426,33.57142857142858
6427,127.00000000000001
6428,17.099999999999998
6429,64.49999999999997
6433,44.79999999999998
6436,3.142857142857142
6440,-108.99999999999994
6441,
6443,
6448,-39.9
6450,1.3000000000000012
6452,29.0
6455,38.8
6457,75.6
6460,135.5
64604,
6461,11.999999999999998
6462,8.100000000000001
6463,23.799999999999986
6464,3.7000000000000006
6465,
6466,34.8
6467,106.70000000000002
6468,12.771428571428565
6470,
64726,
6473,-1.9999999999999996
6481,6.499999999999999
6483,
6486,6.999999999999997
6487,103.30000000000001
6488,44.60000000000001
64887,
6489,7.399999999999999
6491,112.99999999999997
6492,50.92857142857143
6493,21.999999999999996
6494,-54.1
6506,
6509,-11.749999999999996
6512,44.49999999999999
6515,0.9999999999999998
6516,
6518,83.99999999999997
6522,-2.4571428571428595
6525,117.5
6526,94.30000000000001
6527,3.999999999999999
65304,
65307,
65313,
65316,
65319,
65320,
65323,
65331,
65332,
65333,
65336,
65338,
65346,
65347,
65348,
65354,
65355,
65356,
65358,
65362,
65365,
65366,
65368,
65371,
65373,
65379,
65391,
65393,
65402,
65403,
65405,
65406,
65407,
65410,
65411,
65412,
65413,
65414,
65415,
65417,
65418,
65420,
65421,
65422,
65423,
65450,
65451,
65453,
6554,113.42857142857142
65562,
6560,-0.057142857142857044
6561,8.999999999999996
6574,175.99999999999997
6591,17.999999999999993
6592,-30.299999999999997
66103,
66153,
6628,-4.000000000000002
66311,
6643,9.999999999999996
6644,81.2142857142857
6645,94.09999999999998
6647,
66491,
66492,
66493,
66494,
66495,
66496,
66500,
66501,
66502,
66503,
66505,
66506,
66508,
66509,
6651,153.09999999999994
66511,
66514,
6654,1.0
6664,
6669,14.499999999999998
6670,299.9999999999999
6671,18.3
6673,51.50000000000002
6674,1.5000000000000009
6676,50.800000000000004
6677,18.99999999999999
66773,
6680,
66816,
66824,
6683,8.057142857142855
66831,
6684,5.499999999999994
6691,123.99999999999994
6692,100.49999999999999
6693,14.999999999999995
66934,
66935,
66936,
66937,
66938,
66948,
6695,
66959,
6696,
66960,
66961,
66962,
66963,
66964,
66967,
66968,
6697,53.00000000000001
66970,
66971,
66973,
66975,
66977,
66978,
66979,
66980,
66982,
66983,
66984,
66986,
66991,
66993,
66994,
66995,
66997,
66999,
67000,
67002,
67004,
67005,
67006,
67007,
67008,
67012,
67013,
67014,
67015,
67016,
67019,
67020,
67022,
67023,
67024,
67025,
67026,
67027,
67029,
67030,
67031,
67036,
67037,
67038,
6705,
67067,
67069,
67093,
67094,
67095,
67096,
67097,
6711,0.0
67124,
67128,
67141,
67142,
67143,
67145,
67149,
67150,
67151,
67152,
67153,
67155,
67157,
67158,
67159,
67160,
67162,
67163,
67164,
67167,
67169,
67170,
67172,
67175,
67177,
67178,
67180,
67181,
67182,
67183,
67194,
67195,
67196,
67202,
67204,
67207,
67208,
67209,
67213,
67214,
67215,
67217,
67218,
67219,
67220,
67229,
67233,
67234,
67237,
67238,
67239,
67240,
67242,
67243,
67244,
6725,132.79999999999998
6726,62.3
67264,
67274,
67275,
67316,
67323,
6739,
67405,
67419,
67427,
67443,
67446,
67447,
67451,
67453,
67454,
67455,
67464,
67466,
67467,
67469,
67475,
67496,
67497,
67498,
67499,
67502,
67505,
67507,
67508,
67509,
67516,
67517,
67518,
67519,
67521,
67523,
67525,
67526,
67530,
67531,
67532,
67534,
67535,
67536,
67537,
67539,
6754,3.9999999999999987
67540,
67541,
67542,
67545,
67546,
67548,
6761,-117.99999999999997
6762,31.428571428571434
6763,2.9999999999999996
67642,
67643,
67645,
6771,78.2
6772,-1.8571428571428568
6774,-0.7142857142857232
6775,13.999999999999996
67825,
67826,
6783,23.500000000000014
6784,
67856,
67863,
6789,34.499999999999986
6790,56.49999999999997
6791,83.49999999999999
6792,
6793,
67934,
67936,
67937,
67939,
67949,
6795,
67950,
6797,
67996,
68,
6804,
6806,1.0999999999999999
6815,
6819,64.59999999999998
68279,
6828,-4.999999999999998
68295,
68299,
68302,
68303,
68309,
68313,
68316,
68319,
68325,
68328,
68329,
68330,
68331,
68333,
68337,
68338,
68339,
68348,
68350,
68351,
68353,
68358,
68360,
68361,
68362,
68364,
68365,
68366,
68367,
68369,
68407,
68410,
68543,
68555,
68557,
68559,
68560,
68567,
68569,
68578,
68579,
6858,58.999999999999986
68580,
68581,
68582,
68583,
68586,
68587,
68588,
68592,
6865,-3.999999999999999
68746,
6875,
6883,162.49999999999994
6884,5.499999999999999
68882,
6892,
6896,
69082,
69083,
691,
69128,
6922,19.999999999999993
6931,47.99999999999999
6932,3.499999999999999
6935,
69397,
6942,19.3
6944,0.4999999999999996
6945,-10.300000000000004
6954,14.8
6956,3.999999999999999
6957,2.8999999999999995
6958,7.499999999999998
6960,
6964,-21.40000000000001
6966,116.4
69679,
6971,-10.400000000000002
69748,
6975,2.500000000000001
69805,
69809,
69814,
69818,
69819,
69820,
69822,
69825,
69826,
69835,
69836,
69837,
69841,
69844,
69845,
69846,
69847,
69848,
69850,
69851,
69852,
69853,
69855,
69856,
69857,
69858,
69859,
69862,
69864,
69865,
69867,
69868,
69869,
69870,
69871,
69872,
69873,
69874,
69875,
69876,
69880,
69881,
69882,
69884,
69886,
69887,
69888,
69890,
69891,
69892,
69894,
69895,
69896,
69897,
69898,
69899,
69901,
69902,
69903,
69904,
69905,
69907,
69908,
69909,
69910,
69913,
69915,
69916,
69918,
69919,
69920,
69922,
69923,
69924,
69925,
69926,
69929,
69930,
69931,
69932,
69933,
69935,
69981,
70057,
70058,
70067,
70068,
70076,
7008,-2.9999999999999996
70122,
70126,
70127,
70129,
70148,
70150,
70154,
70155,
70157,
70158,
70159,
70161,
70162,
70163,
70169,
70170,
70171,
70172,
70173,
70175,
70176,
70181,
70184,
70186,
70188,
70189,
70191,
70193,
70194,
70196,
70198,
70205,
70209,
70210,
70211,
70258,
7026,
70261,
70262,
70264,
70270,
70273,
70275,
70276,
70279,
70280,
70281,
70282,
70284,
70287,
70289,
70290,
70291,
70292,
70294,
70295,
70296,
70297,
70298,
70299,
70303,
70304,
70305,
70306,
70307,
70308,
70310,
70341,
70364,
70368,
7044,
7049,30.999999999999986
7052,31.999999999999993
7057,-34.49999999999999
7058,4.999999999999998
7059,-41.49999999999995
7060,0.7000000000000004
70832,
7094,1.9999999999999996
7105,47.499999999999986
7106,
71192,
7125,9.14285714285714
7130,0.09999999999999994
71309,
71310,
7134,-54.39999999999999
7140,
7145,
7152,-56.49999999999998
7155,-58.999999999999986
7157,
7162,
7197,2.9999999999999996
7201,
7205,
7215,9.384615384615385
7216,216.10000000000005
7217,28.399999999999995
7218,
7219,
722,
724,
7240,0.5999999999999999
7250,27.999999999999993
7256,-38.499999999999986
7260,9.5
7266,62.29999999999999
7270,3.3
7276,53.499999999999986
7279,33.885714285714286
728,18.885714285714283
7289,
7292,
7293,5.999999999999997
7294,
7295,-10.85714285714286
7296,-4.999999999999998
7297,-198.99999999999994
7298,
7304,38.79999999999998
7312,3.999999999999999
7322,1.4999999999999996
7324,
7325,38.0
7326,2.77142857142857
7327,13.499999999999995
7328,22.653846153846157
7338,32.599999999999994
7341,-369.9999999999999
7343,
7344,6.300000000000001
7354,17.999999999999993
7355,-14.999999999999995
7364,2.1
7419,
7421,
7426,65.99999999999999
7429,98.99999999999994
7430,
7431,6.999999999999998
7436,7.999999999999998
7440,-9.500000000000002
7442,-3.999999999999999
7446,43.0
7449,
7454,122.99999999999997
7458,60.02857142857142
7459,19.999999999999993
7463,-10.999999999999998
7466,
7467,
7468,36.29999999999999
7469,
7470,
7471,-26.999999999999993
7472,27.40000000000002
7473,7.2
7474,22.999999999999982
7475,-22.999999999999993
7476,11.499999999999991
7481,48.99999999999999
7483,
7485,7.999999999999998
7487,
7488,-31.99999999999999
7490,
7492,
7493,
7495,-9.999999999999996
7496,26.99999999999999
7498,15.99999999999999
7499,
750,7.099999999999999
7501,
7502,-8.500000000000002
7503,3.9
7504,50.999999999999986
7505,
7506,
7508,
7509,
7515,0.9999999999999998
7516,10.5
7521,42.99999999999998
7525,
7528,49.499999999999964
7529,13.742857142857137
7530,
7532,-0.9285714285714287
7533,10.928571428571425
7534,196.9999999999999
7535,34.214285714285715
7537,33.99999999999999
7539,
7540,1.9999999999999996
7542,278.99999999999983
7543,137.99999999999997
7544,-45.50000000000001
7545,0.0
7547,
7548,42.499999999999986
7550,21.99999999999999
7551,0.0
7552,136.89999999999998
7553,90.7
7555,-39.999999999999986
7559,64.99999999999997
7560,64.49999999999997
7567,
7569,-0.9999999999999998
7574,10.5
7575,
7583,
7593,46.49999999999999
7594,-3.499999999999999
7595,1.9999999999999996
76,
7603,-0.4999999999999999
7605,28.499999999999986
7606,-32.99999999999998
7607,11.799999999999994
7609,7.357142857142855
7610,
7613,
7625,-51.99999999999997
7634,
7649,-0.34285714285714314
7650,22.999999999999993
7656,
7658,5.928571428571429
7663,
7665,-9.2
7666,-0.9999999999999998
7669,2.0
768,2.1000000000000036
7689,-0.49999999999999983
7690,127.99999999999997
7692,
7696,6.300000000000001
7699,-60.999999999999986
7702,-1.9999999999999996
7704,
772,-10.0
7720,0.5000000000000014
7721,25.000000000000007
7723,1.8999999999999997
7726,6.999999999999998
7727,4.499999999999999
7731,28.653846153846157
7734,0.9999999999999998
7743,-2.9999999999999996
7744,-0.9999999999999998
7763,
778,20.999999999999993
7802,162.99999999999994
7807,
7808,25.099999999999998
781,66.20000000000002
786,-25.999999999999993
7894,
7895,-36.49999999999999
7896,
7897,204.50000000000003
7898,73.99999999999999
7899,105.79999999999998
7900,306.21428571428567
7901,209.49999999999997
7902,-63.499999999999986
7903,118.99999999999999
7904,-6.8571428571428585
7905,46.999999999999986
7906,16.5
7908,53.19999999999999
7920,0.19999999999999948
7935,
7937,30.999999999999986
7938,
7942,
7945,4.999999999999998
7954,
796,-59.099999999999994
7966,71.99999999999997
7967,12.499999999999995
7968,
7981,
8,9.300000000000002
8009,
8033,
8034,
8035,8.899999999999997
8037,
8038,-0.9285714285714286
8040,29.499999999999996
8041,69.99999999999997
8049,-1.2999999999999998
8050,
8054,11.2
8056,14.999999999999995
8058,
8059,
8060,66.99999999999997
8062,
8063,
8068,
8069,-17.999999999999996
8070,2.9999999999999996
8073,-16.999999999999996
8077,
8078,
8080,-10.999999999999998
8081,-5.7857142857142865
8082,-199.99999999999994
8083,-39.24999999999998
8085,50.59999999999999
8087,-14.999999999999995
8088,
8094,
8096,-65.5
8097,
8098,36.49999999999998
8099,19.199999999999996
8101,148.49999999999994
8103,5.142857142857145
8106,
8107,49.999999999999986
8108,
8109,
8111,
8112,
8114,-0.48571428571428626
8116,
8118,-3.999999999999999
8120,
8121,-5.499999999999999
8127,35.0
8129,
813,68.29999999999998
8130,18.99999999999999
8137,-39.999999999999986
8138,
8140,2.499999999999999
8141,
8143,16.999999999999996
8144,6.999999999999998
8145,
8148,5.499999999999999
8149,193.99999999999994
8150,57.07142857142858
8151,
8154,15.499999999999996
8155,
8156,0.0
8157,
8159,76.49999999999999
8160,
8161,91.49999999999997
8163,
8164,
8168,
8169,
8170,32.99999999999999
8172,75.28571428571432
8173,16.999999999999996
8177,1.9999999999999996
818,128.9
8182,21.499999999999996
8185,
820,-2.9999999999999996
8207,
8208,
8211,
8221,-210.99999999999994
8224,177.49999999999997
8235,
8238,192.40000000000003
8250,
8251,5.5
8259,
8261,
8264,
8265,
8266,9.7
829,-7.8
8295,29.999999999999993
830,-5.599999999999999
8301,
8311,
8312,1.0
8313,10.999999999999996
8326,-3.999999999999999
8327,81.99999999999997
8328,5.800000000000001
838,-77.69999999999999
8380,56.99999999999999
8388,
8424,
843,-127.99999999999997
8444,1.5714285714285714
8445,
8483,3.999999999999999
8486,
8527,-25.999999999999986
8528,-8.999999999999996
853,
8530,0.5999999999999998
8573,45.69999999999998
858,44.4
8580,5.214285714285714
8582,
8583,-0.4999999999999999
8586,
8600,
862,11.885714285714286
8627,
8628,6.999999999999998
8632,-2.3551386880256624e-16
8634,-5.999999999999999
8639,
8647,118.99999999999993
8652,-11.999999999999998
8654,
8660,
8661,3.499999999999999
8723,
8726,
8727,
8729,
8731,
8732,-117.99999999999997
8734,2.4999999999999987
8739,-30.999999999999986
8741,164.59999999999997
8746,-2.3
8749,
8750,17.999999999999993
8751,
8752,
8783,
88,-118.69999999999999
8805,10.999999999999998
8836,
8844,
8845,
8848,12.628571428571426
8849,
903,-28.499999999999986
914,-61.799999999999976
916,43.499999999999986
921,24.499999999999986
925,5.200000000000009
930,65.30000000000004
953,-72.10000000000001
956,
966,
968,
985,
988,
992,-44.6
