player_id,wk_slope
1018,
1028,4.999999999999998
1039,
1045,
107,
1071,0.6000000000000001
1089,1.0
1107,2.3000000000000003
1109,3.999999999999999
1114,
117,
1171,-1.4999999999999998
1195,-7.850462293418875e-17
1219,-6.2803698347351e-16
126,
1280,
1318,-2.4999999999999996
1327,
1382,
1389,1.2999999999999998
1406,
143,
1440,
147,-2.9999999999999987
1486,
1487,3.3999999999999995
1497,-2.9999999999999996
1512,1.2000000000000006
1519,
15197,
15198,0.9999999999999998
15199,
152,-0.8999999999999999
15228,1.6666666666666665
15229,
1532,-1.4999999999999993
1541,
1566,-3.0999999999999996
1570,
158,-0.5999999999999999
159,0.23076923076923084
1596,-2.5999999999999996
1600,3.499999999999999
1609,
161,-14.999999999999996
1612,-4.699999999999999
1617,-1.7000000000000002
1621,
1622,
1633,-2.9999999999999996
164,2.9999999999999996
1677,0.0
1679,
1682,0.7142857142857143
1684,
1685,4.999999999999998
1699,-1.9999999999999996
1701,0.19999999999999987
1704,
1706,0.0
1711,
1712,
1713,
172,
1727,0.5
175,3.999999999999999
1758,1.5
1772,-1.9999999999999996
17898,-0.9999999999999998
17911,0.0
17919,
17937,
18097,
18108,
1811,
1813,-0.4000000000000001
1814,
18154,-0.9999999999999997
18166,
1819,
1827,
1828,1.9999999999999996
1829,-1.4999999999999998
1836,1.9999999999999996
1842,
18598,-3.4999999999999982
1860,9.999999999999996
1884,-1.9999999999999996
1885,
1886,-0.9999999999999998
189,
1895,
19020,-0.9999999999999998
19062,
19072,
19093,-3.999999999999999
19096,-2.9999999999999996
19097,-0.9999999999999998
19103,
19107,
19108,1.9999999999999996
19112,1.9999999999999993
19124,
19125,0.8571428571428571
19126,2.9999999999999996
19141,7.999999999999998
19145,0.7857142857142859
19148,9.999999999999996
19150,
1923,
19312,4.285714285714285
19315,3.14018491736755e-16
19316,2.9000000000000004
19401,
19402,
19403,
19404,1.1538461538461542
19406,
19409,6.514285714285713
19412,
19414,
19416,-0.8846153846153847
19418,
19428,
19433,-0.4615384615384615
19435,-1.0
19436,
19437,
1944,0.5999999999999999
19440,-9.999999999999996
19441,0.0
19447,
19449,
19454,-1.5000000000000007
19457,
19458,0.7692307692307694
19459,-1.333333333333333
19460,-1.0
19461,-0.9999999999999998
19464,
19469,-0.4230769230769231
19470,-0.11538461538461549
19472,1.0
19475,
19476,-1.4230769230769231
19479,1.1999999999999997
19483,
19485,-0.24999999999999994
19489,
19491,-3.2307692307692304
19495,
19497,
19530,0.4999999999999999
19535,-0.8999999999999996
1955,-1.9999999999999996
19576,
19662,
19666,
19673,0.0
19676,
19683,0.9999999999999998
19685,7.999999999999998
19686,
19687,-0.4999999999999999
19691,
19695,-1.9999999999999996
19696,-0.9999999999999998
19697,
19700,4.499999999999998
19701,
19702,-6.999999999999998
19706,0.9999999999999998
19708,-2.9999999999999996
19710,8.999999999999996
19718,-3.999999999999999
19720,
19721,
19727,-5.999999999999999
19754,
19781,
198,
1980,
19806,4.999999999999998
19809,-0.9999999999999998
19854,
19856,
19857,-2.4999999999999996
19868,0.0
19870,0.0
1991,
19969,
19970,1.1999999999999997
19973,
19974,
19977,2.9999999999999987
19979,0.4999999999999999
19981,0.4999999999999998
19984,-1.9999999999999996
19985,13.999999999999996
19993,
19997,-1.9999999999999996
19998,2.4999999999999987
19999,
20003,
20005,0.4999999999999999
20006,2.7999999999999994
20011,0.49999999999999983
20012,0.0
20013,
20014,-2.9999999999999996
20015,
20017,2.9999999999999996
20018,-0.9999999999999998
20021,
20023,1.1
20024,1.4999999999999998
20026,-0.9999999999999998
20027,-0.4999999999999999
20028,-0.7499999999999999
20029,
20032,
20033,
20034,
20035,1.4999999999999998
20042,
20046,7.499999999999997
20049,
20052,
20055,
20057,
20062,0.9999999999999998
20068,
20069,-0.9999999999999996
20072,-0.9999999999999998
20073,-0.4999999999999999
20074,
20075,
20076,2.6999999999999993
20077,2.499999999999999
20078,
20079,-2.9999999999999996
20083,1.333333333333333
20084,
20085,3.999999999999999
20086,0.6857142857142854
20088,0.0
20111,3.333333333333333
20117,-1.9999999999999996
20118,2.9999999999999996
20147,
20228,3.999999999999999
20229,
20297,
20298,2.884615384615385
20299,0.0
20301,
20305,
2031,
20310,9.999999999999996
2032,
2033,0.7428571428571428
2037,-0.39999999999999974
2054,2.7142857142857144
20569,0.9999999999999998
20693,2.6857142857142855
20694,
207,
20702,0.19999999999999987
20704,
20713,
20723,-0.09999999999999988
20730,1.4999999999999993
20751,
20754,
20755,
20760,
20761,13.999999999999996
20762,0.9999999999999992
20763,-5.499999999999998
20764,0.0
20765,-5.999999999999999
20766,-3.0
20768,0.9999999999999986
20797,-2.499999999999999
20801,-0.9999999999999997
20802,1.4999999999999982
20804,-1.570092458683775e-16
20805,-20.999999999999993
20811,-2.9999999999999996
20815,
20816,
20819,9.999999999999995
20820,
20822,
20824,-1.9999999999999996
20825,
20826,2.9999999999999987
20832,1.9999999999999996
20836,3.499999999999999
20837,
20839,-14.999999999999995
20843,1.9999999999999991
20847,-1.4999999999999993
20848,0.9999999999999998
20850,-4.710277376051325e-16
20853,3.999999999999999
20854,-3.999999999999999
20855,2.9999999999999987
20861,0.9999999999999998
20862,
20863,
20864,
20865,1.4999999999999993
20866,-1.9999999999999996
20867,
20869,
20874,
20875,
20877,
20879,-0.4999999999999996
20880,2.4999999999999996
20881,-2.9999999999999996
20882,
20884,-4.999999999999998
20894,8.6
20937,
20985,
20987,0.9999999999999998
20988,
20989,
20990,
21196,
217,
21784,
2199,
2201,1.7999999999999992
2205,0.7999999999999998
2208,0.9999999999999998
2210,
2212,0.29999999999999993
2213,0.10000000000000007
2214,0.9999999999999998
2216,-3.9999999999999982
2226,
2228,-0.7142857142857142
2229,-7.499999999999996
2230,-3.0
2231,-2.3
2232,-2.3333333333333326
224,
2249,1.4
2250,
2254,-1.4999999999999998
2255,-0.4999999999999999
22568,
2257,3.0
2259,
2261,-5.9
2274,
22862,
22889,0.0
22892,
22920,6.285714285714283
2299,
23,9.2
2304,-6.999999999999998
2315,-4.099999999999999
2316,
2320,0.6
2321,
23311,3.999999999999999
2334,-0.5999999999999999
234,
23426,1.5428571428571427
2343,
23431,-2.9999999999999996
23435,
23437,
23440,-0.9999999999999997
23441,
23444,-0.4999999999999999
23445,
23448,5.999999999999999
23450,
23452,
23455,
23457,0.3999999999999998
23459,
23462,-0.7000000000000004
23464,
23467,0.7428571428571423
2347,
23472,-0.9999999999999996
23474,-0.29999999999999993
23475,0.885714285714286
2351,0.4999999999999999
23585,
2362,
2364,1.9999999999999996
2367,0.0
23686,
2373,
23764,
2382,6.999999999999998
23857,
23858,
23860,
23863,
23864,4.666666666666665
23865,
23867,-0.6666666666666665
23868,
23869,0.5
23870,
23871,1.333333333333333
23872,
23873,-1.846153846153846
23874,
23875,
23876,
23878,
23879,
23882,
23943,
2399,-1.6
24017,
2407,0.49999999999999983
2410,-1.9999999999999996
2411,4.3999999999999995
2413,
2414,
2415,-4.0
2416,1.9999999999999996
2417,2.9999999999999996
24175,
24178,
2420,
24235,0.4999999999999999
24245,
24247,
24252,4.999999999999998
24253,0.4999999999999998
24254,-3.499999999999998
24259,
24260,
24261,-0.9999999999999998
24263,1.9999999999999996
24267,-2.5
24270,
24275,
24278,
24279,
24283,1.9999999999999996
24285,
24292,-6.999999999999998
24297,-1.9999999999999996
24301,
24304,
24307,
24311,
24321,
24323,10.999999999999998
24324,2.9999999999999996
24326,8.999999999999998
24328,-5.999999999999999
24334,
24336,
24337,0.0
24344,4.999999999999998
24345,-13.999999999999996
2435,
24351,
24354,
24355,6.999999999999998
24358,6.499999999999998
2436,1.2999999999999998
24372,0.9999999999999998
2439,0.0
2443,
24475,-5.999999999999999
24559,
24567,
24570,-10.999999999999998
24580,
24584,5.999999999999999
24590,
24599,-5.999999999999999
2460,
24603,2.9999999999999996
24605,
24606,
24607,
2463,3.999999999999999
24766,1.9999999999999996
24767,8.999999999999995
24768,0.0
24811,
2483,-0.8857142857142856
24888,0.0
24889,-3.999999999999999
24892,-4.499999999999998
24893,-0.9999999999999998
2490,4.3
24900,
24902,-0.5000000000000003
24903,
24905,3.214285714285714
24906,
24913,
24916,-8.999999999999996
24918,
24919,-2.9999999999999996
24922,2.499999999999999
24926,
24928,
24929,
24931,0.0
24932,
24934,
24935,
24937,4.999999999999998
24938,0.0
24940,-4.499999999999998
24943,-5.999999999999999
24945,
24947,-1.9999999999999996
24948,5.999999999999999
24949,0.4999999999999999
25027,0.0
25030,2.9999999999999996
25048,-2.4999999999999996
25128,-4.999999999999998
25130,
25132,
25133,
25136,
25138,2.6999999999999993
25148,
25150,
25151,
25152,
25160,
25162,
25164,
25167,
25170,1.9999999999999996
25172,
25173,1.9999999999999996
25174,
25176,
25182,
25184,
25187,
25213,
25216,-2.9999999999999996
25231,0.9999999999999998
2526,2.6999999999999997
2531,
25341,-1.9999999999999996
2561,-3.999999999999999
2563,0.0
25662,0.9999999999999998
25664,-2.9999999999999996
25665,
25666,-4.999999999999998
25667,1.333333333333333
25668,0.0
25669,0.0
25671,
25672,
25676,2.499999999999999
25683,0.0
25685,-1.9999999999999996
25686,
25689,0.0
25692,-5.499999999999998
25695,1.6428571428571435
25696,-1.5000000000000002
25700,1.9999999999999996
25704,3.499999999999999
25706,6.299999999999998
25708,
25710,8.999999999999996
25712,-0.8000000000000007
25780,
25844,-6.999999999999998
26157,
26159,
26161,
26162,
26165,
26169,
26182,
26200,
2633,-2.6
2636,2.4999999999999996
2639,0.7000000000000004
2643,
26468,
26497,
26498,
2650,1.9999999999999996
26514,
26530,
2654,
26543,8.999999999999996
2657,
26581,
26663,5.999999999999999
26695,2.5714285714285707
26702,
26703,
26707,
26708,0.0
26714,
26716,1.9999999999999996
26717,0.0
26722,
26725,-7.999999999999998
26731,
26734,
26735,
2681,9.899999999999999
26819,
26830,0.9999999999999998
26831,
26832,-0.9999999999999997
26834,4.999999999999999
26835,7.850462293418875e-17
26836,1.9999999999999991
26837,2.1428571428571432
26843,
26854,11.999999999999998
2687,2.6
26882,0.0
26884,
26885,-2.4999999999999987
26890,2.9999999999999996
26893,-3.499999999999999
26894,
26896,-1.570092458683775e-16
26898,
26899,-0.4999999999999999
26900,
26910,
26913,0.0
26988,
27,-0.9999999999999998
27004,
27059,
27069,
27196,
27259,4.999999999999998
27279,
27283,
27287,
27293,13.999999999999996
27294,
27296,
27301,
27310,
27311,
27313,
27324,
27325,
27326,
27327,
27345,
27351,
27364,
27373,-6.999999999999998
27380,
27391,
27452,
27453,
27464,
27465,
27466,0.9999999999999998
27486,5.333333333333332
27487,1.9999999999999991
27504,
27516,
2755,-0.028571428571428633
2756,2.5999999999999988
2758,
2767,-1.9999999999999996
2772,-4.999999999999998
278,-1.9999999999999996
2781,2.9999999999999996
2790,0.9999999999999998
27953,
27956,5.8999999999999995
27957,2.499999999999999
27959,0.7999999999999998
27960,1.1
27961,1.9999999999999996
27962,
27963,
27964,1.7999999999999994
27969,0.9999999999999998
27970,13.999999999999996
27971,-3.9999999999999982
27972,7.499999999999997
27976,0.9999999999999998
27981,
28,0.7999999999999999
2800,0.08571428571428556
28018,
28019,
28021,
28183,-4.999999999999998
2823,-3.4999999999999996
28351,
28354,0.0
28363,
28368,
28393,-2.9999999999999996
28394,
28396,0.0
28401,14.999999999999995
28402,
28410,
28412,
28413,-0.9999999999999998
28414,-2.9999999999999996
28419,
28420,
28421,
28422,
28426,-3.999999999999999
28427,
28428,
28430,0.0
28433,7.999999999999998
28435,6.999999999999998
28437,1.9999999999999996
28444,
28450,-12.999999999999993
28460,-12.999999999999993
28463,
28465,-5.999999999999999
28466,
2847,-1.6000000000000003
28472,0.0
28473,
28475,
28476,
28477,
28479,
28490,
28492,6.999999999999998
28509,
28511,
28514,
2852,1.1000000000000012
28523,
28526,-8.999999999999996
28530,5.999999999999999
2854,-0.7999999999999998
2855,
2856,-0.9999999999999998
2857,0.4999999999999999
2858,-0.4999999999999999
2859,
286,-6.2803698347351e-16
2862,0.6285714285714283
2863,0.6000000000000001
2865,
28655,
28664,
2868,
2869,10.999999999999998
28700,
2872,2.6999999999999993
28741,
28756,
2876,1.4043333874306804e-16
2877,0.5999999999999998
2878,1.7000000000000002
2879,2.9999999999999996
2881,4.999999999999998
2888,-2.499999999999999
28996,
29066,-0.9999999999999998
29178,
29182,-0.9999999999999997
29189,
29210,
29219,
29220,
29295,
2933,2.1
29454,-0.5
29456,
295,0.9999999999999998
29558,
2972,1.214285714285714
29775,-3.499999999999999
29781,-2.9999999999999996
29782,
29788,
29789,4.999999999999998
29790,
29796,1.4999999999999993
29798,
29800,0.9999999999999996
29803,3.999999999999999
29805,
29807,
29808,
29810,
29811,-1.4999999999999993
29812,-11.999999999999998
29814,
29816,
29817,5.499999999999998
29818,-2.9999999999999987
29820,
29833,
2984,0.49999999999999983
2985,-0.6999999999999997
29888,11.1
2997,
3033,-0.2142857142857143
3038,
30470,
305,2.0000000000000004
3056,1.1999999999999997
30730,
30734,
30735,
30749,
30759,2.9999999999999996
3077,
30774,-7.999999999999998
30778,
30786,
30928,
31158,
31159,
31160,3.499999999999999
31163,
31165,-1.7142857142857146
31172,1.4999999999999998
31176,0.0
31177,
31178,0.9999999999999998
31180,-2.0999999999999996
31181,
31182,
31183,
31187,2.9999999999999996
31191,0.0
31192,
31194,-1.9999999999999996
31198,
31199,-0.9999999999999998
31200,1.0714285714285716
31201,0.9999999999999998
31203,-0.4999999999999999
31206,1.9999999999999996
31210,0.35714285714285726
31223,
31227,-4.499999999999999
3126,
31293,
3135,0.0
314,
3144,
31513,
31688,
31693,
31695,0.29999999999999993
31696,-0.8999999999999996
31697,
31702,0.0
31704,-2.1999999999999997
31706,-1.2999999999999996
31709,
31712,-2.8999999999999995
31714,
31715,0.5
3174,-3.499999999999999
3175,
321,
32237,
32239,
32244,0.4999999999999996
32248,-8.999999999999996
32250,-1.9999999999999996
32256,-1.9999999999999996
32259,
32260,1.9999999999999996
32262,-7.999999999999998
32273,-0.9999999999999998
32278,
32280,
32281,-1.9999999999999996
32282,-10.999999999999998
32284,4.999999999999998
32287,0.0
32291,2.9999999999999996
32293,8.999999999999996
32300,-3.925231146709437e-17
3242,
32426,
32598,
32705,-1.9999999999999996
3272,-2.3571428571428577
3275,-5.799999999999999
3276,-6.2803698347351e-16
3280,-1.4999999999999993
3281,0.19999999999999993
3282,1.0999999999999996
3284,
3285,6.299999999999998
3286,-3.999999999999999
32862,0.0
3287,-0.9999999999999998
3298,7.499999999999998
3299,-4.999999999999998
33009,
33052,0.5000000000000001
33054,3.499999999999999
33056,-4.999999999999998
33058,2.5
33059,
33060,-5.999999999999997
33062,0.9999999999999998
33063,
33068,1.570092458683775e-16
33069,
33070,
33071,
33075,0.30000000000000004
33076,-4.999999999999997
33077,-0.10000000000000007
33080,
33082,-0.29999999999999993
33087,0.28571428571428575
33089,2.214285714285715
33090,1.2142857142857142
33094,-3.999999999999999
33095,2.6999999999999993
33097,
33098,0.0
331,-1.0000000000000004
33114,
332,
3320,-1.4999999999999993
3323,3.2
3328,
3330,5.100000000000002
3331,0.7499999999999999
33498,
33506,0.0
33508,-0.4999999999999999
3351,1.1999999999999997
33513,4.999999999999998
33540,7.999999999999998
3373,0.9285714285714285
3374,
33787,5.999999999999999
3383,
33969,
34406,
34441,-3.999999999999999
34443,-0.9999999999999996
34444,-2.9999999999999996
34466,0.0
34485,9.999999999999996
3450,-1.8571428571428574
3453,-1.2
34546,
3462,2.5000000000000004
3464,-0.9999999999999998
3469,4.3
3474,-2.499999999999999
3475,
3479,0.9999999999999997
3481,
34880,
3489,
34960,
34962,-0.5
34964,1.9999999999999996
34966,
34967,6.1999999999999975
34969,0.5
34971,
34972,
34973,
34975,
34976,
34977,
34982,0.0
34989,2.0999999999999996
34991,0.8999999999999999
34992,
34993,0.2142857142857143
34994,
34995,
35001,
35002,-2.9999999999999996
35003,
35008,3.499999999999999
35011,
35013,0.4999999999999999
35014,12.999999999999993
35016,
35020,
35066,-0.9999999999999998
35068,
35070,0.28571428571428553
35072,0.9999999999999998
35074,0.4999999999999999
35076,0.4999999999999999
35102,
35120,
35122,
35125,
3530,0.49999999999999895
35317,3.0
35318,-1.9999999999999996
3532,
35388,
3550,0.28571428571428575
35646,
3578,1.0000000000000002
35878,
35883,
35886,-1.4999999999999993
35889,0.0
35895,0.0
35897,-1.333333333333333
35899,3.499999999999998
359,-8.999999999999996
35900,
360,2.3000000000000007
36045,
3605,0.3
361,
3613,-0.9999999999999998
36184,-0.4999999999999999
36189,-1.4999999999999993
36192,-1.9999999999999996
3622,-4.8571428571428585
3623,0.31428571428571456
3627,0.6999999999999997
3628,-5.300000000000001
3629,
36292,0.0
36304,5.999999999999999
36328,11.999999999999998
36363,
3637,
36372,
3641,5.714285714285717
3642,3.4000000000000004
3643,
3644,5.700000000000002
3645,
3646,6.4999999999999964
3647,
3648,-0.8999999999999999
3649,0.0
3650,1.4999999999999993
3653,-5.300000000000001
3654,
36553,
366,
3660,1.6999999999999995
3664,2.0999999999999996
36683,
3673,-0.11538461538461538
36743,
36759,
3697,1.7499999999999998
36981,0.0
36982,6.2803698347351e-16
36983,3.925231146709437e-17
36984,0.4999999999999999
37036,
37052,1.9999999999999996
37053,
37054,0.0
3727,-3.14018491736755e-16
37321,-6.999999999999998
37354,-1.9999999999999996
37360,-0.4999999999999999
37373,
37378,0.0
37399,
3757,-0.42857142857142866
37572,
37578,
3758,0.9000000000000002
37580,-4.999999999999998
37604,
37630,0.9999999999999992
37631,-8.999999999999996
3768,
37730,
37731,
37755,
3779,
3780,
3781,-2.1999999999999997
3782,1.3000000000000005
3783,0.0
37939,1.9999999999999991
3802,0.9999999999999998
38050,0.9999999999999998
3807,
38435,
38437,
38438,0.0
38440,
38442,-2.9999999999999996
38443,
38444,2.9999999999999996
38445,0.0
38446,0.0
38447,
38578,-1.4999999999999998
3858,
38585,
38617,
38618,2.499999999999999
38619,2.499999999999999
38620,
38623,
38624,
38632,0.4999999999999999
38638,
38639,0.9999999999999998
38640,-1.0000000000000002
38641,
38642,
38648,
38651,-2.9999999999999996
38655,
38657,
38658,4.999999999999998
38659,
38699,
38700,0.0
3871,1.9999999999999996
3876,-1.9999999999999996
38855,4.3
39018,
39019,
39023,
39029,
39035,
39038,
39041,
39043,
39044,
39047,
39051,
39056,
39064,
39065,
39066,
39070,
39074,
39083,
39088,
39094,
39100,
39105,
39108,
39110,
39111,
39112,
39115,
39117,
39123,
39125,
39128,
39130,
39132,
39133,
39141,
39142,
39145,
39148,
39153,
39154,
39156,
39158,
39161,
39165,
39166,-8.999999999999996
39177,4.999999999999998
39178,
3918,
39180,-20.999999999999993
39183,
39186,
39190,
39200,
39201,-1.3571428571428572
39202,
3921,-0.6666666666666665
39210,3.999999999999999
3926,-3.499999999999999
39288,
393,
39355,3.499999999999999
39358,
39359,
39361,2.499999999999999
39375,
39376,
39377,
39378,
39379,
39383,
39384,
39385,
39387,7.999999999999998
39393,
39394,-5.999999999999999
39395,
39396,-11.999999999999998
39397,-0.9999999999999998
39398,1.9999999999999996
39400,3.999999999999999
39401,
39403,
39404,0.9999999999999998
39409,-0.4999999999999999
39413,-6.2803698347351e-16
39414,-0.9999999999999998
39415,
39418,
39419,
39422,
39423,
39425,
39427,
39430,
39431,
39432,
39433,
39434,
39435,
39437,
39441,
39444,
39447,
39449,
39450,
39453,
39454,
39455,
39490,1.4999999999999998
39491,1.9999999999999996
39495,0.9999999999999998
39499,2.9999999999999996
395,4.899999999999998
39502,
39503,
39504,
39508,3.999999999999999
39535,
39536,
39539,
39544,0.0
39548,
39552,0.0
39557,
39559,
39637,
39638,
39642,-0.9999999999999998
39657,9.999999999999996
39672,0.49999999999999983
39869,
40232,0.9999999999999998
40234,
40238,6.999999999999998
40239,
40243,5.999999999999997
40250,-7.850462293418875e-17
40251,
40252,
40254,
40255,
40256,-0.4999999999999999
40258,
40260,-0.9999999999999998
40263,
40266,
40268,3.9999999999999987
40269,
4027,8.999999999999998
40270,-3.14018491736755e-16
40272,5.499999999999999
40273,
40282,-1.25607396694702e-15
40287,
40288,
40289,-10.999999999999998
40290,
40291,
40292,
40293,0.0
40294,0.9999999999999998
40298,
40299,
403,-7.499999999999998
40303,-4.999999999999998
40304,
40305,
40308,
40311,
40314,4.999999999999998
40317,
40319,
40320,
40321,
40322,
40323,7.999999999999998
40327,-2.9999999999999996
4033,1.8999999999999995
40330,0.9999999999999998
40331,-0.4999999999999998
40332,
40333,0.9999999999999998
40336,
40342,0.0
40345,
40346,2.9999999999999996
40348,0.0
40350,-1.9999999999999996
40352,
40353,
40356,
40357,0.0
40359,-1.9999999999999996
40361,
40365,
40371,
40372,
40373,0.0
40378,
40384,
40390,-2.9999999999999996
40401,
4041,
4056,-0.28571428571428575
4061,
4067,-8.999999999999995
4071,
4072,0.19999999999999996
4074,2.2999999999999994
4076,1.7857142857142858
4077,
4079,3.999999999999999
408,
4080,2.799999999999999
409,
40912,-2.9999999999999996
4101,2.6999999999999997
4106,0.09999999999999999
4111,4.799999999999999
4117,
41175,
4137,0.0
41373,
41380,
41389,
41393,
41503,
4153,0.49999999999999983
4155,-0.5000000000000001
4168,
4173,0.4999999999999999
41749,-7.999999999999998
41764,
41765,0.0
41792,
41822,
41824,8.999999999999996
41839,
4201,-0.9999999999999997
4208,-6.999999999999998
4209,-0.5000000000000002
4211,
4219,3.4000000000000004
4221,
4223,
4229,-1.1428571428571426
4235,0.0
4237,-5.499999999999999
4243,
4246,1.3
4250,-3.8
4254,
42548,-0.9999999999999998
4256,4.4571428571428555
42617,
42618,0.9999999999999998
42623,
42626,0.0
42627,4.999999999999998
42633,
42634,
4265,3.500000000000001
42652,
42653,
42658,-3.999999999999999
42663,
42667,
42670,5.999999999999999
42672,
42679,
42686,0.0
42688,-3.999999999999999
42691,3.999999999999999
42693,
42697,
42699,
4270,
4271,0.7
4274,7.071428571428572
4275,
4276,3.7
4277,-1.9999999999999996
42815,-0.4999999999999998
42817,2.499999999999999
42820,-3.4999999999999996
42823,-6.999999999999998
42824,
42826,-1.9999999999999996
42833,
42836,
42837,0.0
42838,-2.0000000000000004
42839,-1.0
4284,
42840,18.99999999999999
42841,
42844,8.999999999999996
42845,-0.5000000000000006
42846,
42848,-0.9999999999999998
42849,4.999999999999998
42850,
42852,2.499999999999999
42862,
42863,-5.999999999999999
42867,3.499999999999999
42874,
42877,
42878,
42879,0.4999999999999999
4288,1.6000000000000003
42881,-1.9999999999999991
42884,
42886,-4.499999999999999
42891,0.49999999999999895
42893,
42897,
42898,-2.499999999999999
42899,0.0
4290,
42901,-0.9999999999999998
42902,2.499999999999999
42905,
4295,5.9999999999999964
43092,
43093,-0.4999999999999998
4320,
4321,2.0000000000000004
4322,0.9999999999999997
4323,0.9999999999999998
4325,
4326,1.7857142857142856
43267,-1.570092458683775e-16
43273,
43274,
43275,
43276,-2.3551386880256624e-16
43278,0.9999999999999998
43279,0.4999999999999999
43280,
43282,
43285,0.0
43287,4.499999999999999
43290,
43291,
43292,-0.9999999999999998
43295,1.9999999999999996
43297,
43298,-1.9999999999999996
43299,-1.4999999999999998
43300,0.0
43302,
43303,4.499999999999998
43304,
43305,
43306,-3.499999999999998
43308,2.9999999999999982
43309,-0.9999999999999992
43311,0.9999999999999998
43312,-1.9999999999999996
43313,
43314,1.9999999999999996
43317,
43318,-2.9999999999999996
43319,-9.999999999999996
43321,
43323,
43324,
43326,
43329,1.5
43330,
43331,
43335,
43337,
43338,
43339,
43340,0.4999999999999999
43345,
4335,
4338,1.4615384615384617
4340,
43591,8.999999999999996
43592,
43593,0.4999999999999999
4362,
4367,
4368,
4373,1.8
43774,
43819,
43899,-0.9999999999999998
43900,-2.9999999999999996
43901,
43902,
43904,-0.4999999999999998
43906,0.0
43908,1.4999999999999993
43909,-4.499999999999998
4391,0.5000000000000004
43910,-2.9999999999999996
43911,-0.9999999999999998
43912,
43913,
43915,
43917,-1.9999999999999996
43918,1.4999999999999991
43919,
43922,
43924,-2.0
43925,-0.9999999999999997
43926,0.0
43927,1.9999999999999993
43934,-2.9999999999999987
43937,0.49999999999999895
43939,0.0
43941,-3.999999999999999
43944,1.9999999999999996
43945,-4.999999999999998
43946,-1.4999999999999998
43948,0.49999999999999895
43952,
43955,-2.499999999999999
43956,
43957,1.9999999999999996
43958,
43959,-3.14018491736755e-16
43960,
43961,
43962,
43965,-10.499999999999995
43966,
43967,-0.4999999999999998
43971,7.850462293418875e-17
43974,
43975,
43976,-4.999999999999998
43977,-7.999999999999998
43978,0.49999999999999895
43980,-3.499999999999999
43982,1.570092458683775e-16
43984,
43986,
43987,-5.0
43989,1.9999999999999996
43991,-3.4999999999999996
43992,
43995,0.9999999999999998
4409,-1.7999999999999998
4413,-3.925231146709437e-17
44178,-1.9999999999999996
44185,-2.9999999999999996
443,
44477,
44478,
44479,
44482,
44483,
44484,
44486,
44490,-2.9999999999999996
44491,-9.499999999999996
44495,0.0
44496,
44497,-0.9999999999999998
44498,-0.4999999999999999
4450,
44500,-2.9999999999999996
44501,-1.4999999999999998
44503,3.9999999999999987
44506,
44508,-0.9999999999999996
44513,
4460,0.0
4470,
4472,-0.6999999999999997
44762,10.999999999999998
44790,
44795,
44797,
44807,
44810,
44814,
44816,10.999999999999998
44817,
44820,
44822,
44831,
44832,
44836,
44839,
44842,0.9999999999999998
44843,
44844,
44846,
44851,
44853,
4487,0.30000000000000027
4488,
4489,4.314285714285713
4491,0.07142857142857144
4499,0.6999999999999998
4505,-1.3571428571428574
45080,
45136,
45204,-0.9999999999999998
45205,-5.999999999999999
45212,3.999999999999999
4526,-1.0000000000000002
45364,
45371,-2.499999999999999
45380,0.0
45381,7.999999999999998
45382,
45383,
45384,
45385,-4.999999999999998
45386,0.0
45390,-6.999999999999998
45392,
45404,
45416,
4543,-3.1999999999999993
45494,0.9999999999999998
45496,-0.4999999999999999
45500,
45501,1.4999999999999998
45509,
45512,0.4999999999999999
45514,
45515,-0.4999999999999999
45518,4.499999999999998
45519,-0.4999999999999999
45520,1.4999999999999998
45530,
45662,
4571,1.4999999999999998
4572,-3.499999999999999
45740,
45752,0.0
45760,
45781,
45785,
45792,
45947,
45952,8.499999999999996
45954,
45959,
45962,5.999999999999999
45963,-0.4999999999999996
45965,3.999999999999999
45966,-0.9999999999999992
45970,
45973,0.9999999999999998
45976,-3.14018491736755e-16
45979,-3.4999999999999996
45980,-1.4999999999999998
45982,0.9999999999999998
45983,
45989,0.0
45991,-1.4999999999999993
45993,-0.9999999999999998
45994,8.499999999999998
45995,
46,
46000,
46002,-1.9999999999999996
46003,-2.9999999999999996
46005,1.4999999999999993
46006,-12.999999999999993
46007,
46010,
46011,
46022,-9.999999999999996
46024,
46025,
4604,-3.999999999999999
46040,
46050,
46051,
46052,
46056,4.999999999999999
46057,
46058,
46060,-0.9999999999999998
46063,0.4999999999999999
46064,
46066,13.999999999999998
46069,
46070,-2.9999999999999987
46071,
46072,1.9999999999999991
46073,
4608,5.999999999999999
4612,
4614,
46140,
46141,
4617,
4623,-6.999999999999998
46279,6.499999999999999
46280,1.4999999999999993
46281,
46283,
46304,
4632,
4633,-0.9999999999999998
4636,-1.0571428571428567
4639,
4641,-1.5999999999999999
4650,0.0
46521,
4653,1.1999999999999997
4656,0.9999999999999998
4658,1.2
4662,-3.499999999999999
4681,
4686,
4692,-1.3
46982,
46988,-5.999999999999999
46991,2.4999999999999996
46992,2.9999999999999996
47,
470,-8.999999999999996
4701,-0.2499999999999999
47017,-12.999999999999993
4703,
4704,-11.999999999999998
47050,-4.999999999999998
4708,-6.999999999999998
4709,1.9999999999999996
4710,
4712,
4716,-0.7999999999999998
4722,-2.0999999999999996
47244,
47335,
47337,
47339,11.999999999999998
47340,0.9999999999999998
47364,0.9999999999999998
47368,2.499999999999999
47380,4.999999999999998
4746,2.285714285714285
47509,
4751,
47511,
47513,0.0
47521,
47526,
4753,
4755,2.1000000000000005
4758,10.999999999999998
4759,3.499999999999999
47694,
47703,1.9999999999999996
47710,
47711,2.499999999999999
47724,7.999999999999998
47731,
47732,
47735,
47736,4.499999999999998
47737,1.4999999999999998
47738,
47739,0.9999999999999998
4774,-3.285714285714287
47760,2.9999999999999987
47764,
47765,
47768,1.9999999999999996
47769,
47771,-1.9999999999999996
47773,1.9999999999999996
47774,3.999999999999999
47775,
47780,4.999999999999998
47782,
47783,-3.14018491736755e-16
47786,
4779,-0.8076923076923079
47792,
47793,
47796,1.9999999999999996
4780,-0.9999999999999998
47804,
47805,
47814,
47818,1.9999999999999996
47820,
47860,9.999999999999996
47863,
47867,
47872,
47873,
47886,
479,0.20000000000000032
4790,
47906,
47919,
47922,
47923,
47933,
47974,
47986,
47992,
47995,
48013,
4805,
4807,-4.999999999999998
4812,
48142,0.9999999999999998
4816,1.5000000000000007
4817,3.999999999999999
4819,2.9999999999999996
4821,-0.10000000000000002
4823,0.8000000000000002
4824,9.999999999999996
4826,-1.9999999999999996
48278,
48306,
48307,
4837,-0.09999999999999988
4838,
4840,-19.999999999999993
4842,1.9999999999999996
48498,
48500,
48501,
48504,
48510,
4853,0.20000000000000004
4854,-1.714285714285714
48546,
48548,-2.9999999999999996
48552,13.999999999999996
48557,9.999999999999996
4856,1.3142857142857143
48560,
48566,
48567,
48569,
48572,
48616,
487,-1.4999999999999998
4874,-5.999999999999999
48766,-13.999999999999996
48767,-10.999999999999998
48769,
48771,-13.999999999999996
48794,
48795,
48796,-0.9999999999999998
48797,
48798,
48799,
48801,
48803,
48805,-1.9999999999999996
48810,
48815,
48816,
48819,
48820,
48823,
48856,
48892,0.9999999999999998
48936,
48946,
48947,
4895,1.357142857142857
48950,-6.999999999999998
48954,
48956,2.9999999999999996
48957,
4900,0.500000000000001
4901,-0.4999999999999999
4903,-4.999999999999998
4904,0.7307692307692308
4908,
492,
4926,-1.0999999999999996
49341,
49343,
49374,
494,0.9999999999999998
4947,-3.999999999999999
496,0.9999999999999998
49626,
49665,
49684,
4973,
4974,0.0
49811,
49815,
49816,
49818,
49820,
49825,
49827,-7.999999999999998
49832,
49833,
49851,-4.999999999999998
4986,-1.570092458683775e-16
499,0.19999999999999996
4995,
50078,
5010,
50192,
50193,
502,-3.499999999999999
50207,
5028,-5.999999999999999
50280,
50285,0.9999999999999998
50288,
5029,-1.5
50322,
50333,
5034,-2.9000000000000004
504,1.333333333333333
5041,8.8
5053,3.1428571428571423
50589,
5068,-2.9999999999999996
507,-0.6000000000000001
5071,-2.9999999999999996
5073,1.7714285714285711
5075,
50894,-3.999999999999999
51083,
51087,
51287,
51290,
51390,
51516,10.999999999999998
51707,
5189,8.37142857142857
52042,
52048,
52051,
52055,
52057,
52058,
52059,
52060,
52064,
52074,
52077,
52094,
52102,
52104,
52109,
52112,
52114,
52123,
52152,-1.9999999999999996
5231,0.7857142857142856
52338,
52345,
52348,0.0
52358,
52377,
52379,
52382,
52384,
52390,
52393,
52394,
524,-8.999999999999996
52408,
52421,
52422,
52425,
52426,
52430,
52432,
52434,
52437,
52438,
52439,
52443,
52444,
52446,
52455,2.9999999999999996
52660,
52678,
52679,0.9999999999999998
52682,
52683,
52729,
53,
53174,
53222,
53224,
53486,
53627,
53630,
53839,1.9999999999999996
53840,
53842,
53844,
53851,
53971,
54140,
54160,
542,
54409,
54414,0.0
54429,
54432,
54433,
54435,
54436,
54437,
54438,
54440,
54441,
54462,
54471,
54508,
54519,
54541,0.0
54544,
54600,
548,-8.999999999999996
54811,
54817,
54818,
54832,
54842,
54843,
54847,
54850,
54852,
54854,
54856,
54857,
54866,
54870,0.0
54872,
54876,
54883,
54888,
54889,
54891,
54894,
54897,
54899,
54900,
54902,
54907,
54909,
54912,
54914,
54915,
54922,
54924,
54925,
54930,
55391,
55400,
55402,-18.99999999999999
55408,
55411,
55418,
55420,
55424,
55437,
55447,
55448,
55451,8.999999999999996
55459,
55463,
55464,
55538,
55539,
5562,-2.857142857142857
55683,
55742,
55743,
55744,
5575,0.10000000000000007
55753,
5577,2.4999999999999996
55771,
55793,-3.999999999999999
5581,-2.0
5584,
5599,-0.9999999999999998
5601,
5607,1.9999999999999996
5616,-0.07142857142857138
56171,-1.9999999999999996
56172,
56174,-2.9999999999999996
56175,
56177,
56180,
56181,-15.999999999999996
56185,-5.999999999999999
56186,2.9999999999999996
56188,
5621,0.20000000000000018
56237,-0.9999999999999998
56238,
5630,
5632,1.4999999999999998
56325,1.9999999999999996
56326,
56336,
56342,
56343,-4.999999999999998
56346,
5635,7.850462293418875e-17
56353,
56359,-3.999999999999999
56360,0.9999999999999998
56361,-2.9999999999999996
56362,
56365,
56366,
5637,-0.9000000000000002
5638,1.0
56381,
56384,
56386,
56387,
56391,8.999999999999996
56395,
56463,
56465,-5.999999999999999
56467,
5649,-1.0
5650,-1.0
5651,
56516,5.999999999999999
56517,0.9999999999999998
5652,-1.9999999999999996
56545,
56546,0.0
56550,
56554,4.999999999999998
56555,0.0
56556,
56558,
56559,4.999999999999998
56566,
56567,
56568,
56569,
56571,
56573,1.9999999999999996
56574,
56575,
56576,
56578,-2.9999999999999996
5658,0.9000000000000002
56583,
56585,
5659,0.3000000000000003
56592,
56595,-1.9999999999999996
56596,0.0
56597,
56598,
56599,
56600,5.999999999999999
56603,-5.999999999999999
56604,3.999999999999999
56605,
56606,1.9999999999999996
56608,10.999999999999998
56610,2.9999999999999996
56611,
56612,
56615,4.999999999999998
56619,6.999999999999998
5662,-0.8285714285714285
56620,-6.999999999999998
56621,5.999999999999999
56622,
56623,-5.999999999999999
56629,
5663,3.999999999999999
56630,
56631,
56632,-3.999999999999999
56633,
56635,0.9999999999999998
56636,
56637,
56639,13.999999999999996
56640,
56643,1.9999999999999996
56647,
56648,
56649,1.9999999999999996
5665,-1.3
56650,0.0
56652,
56655,1.9999999999999996
56659,
5666,0.9999999999999998
56661,11.999999999999998
56662,-1.9999999999999996
56664,
56665,
56666,
56667,
56676,
5668,0.4000000000000001
56685,
56695,-1.9999999999999996
5670,0.5
56705,
56707,
56712,-6.999999999999998
56723,-3.999999999999999
56763,
56767,
5678,
56795,-1.9999999999999996
56797,0.9999999999999998
56799,0.0
5680,-0.6000000000000004
56800,-1.9999999999999996
56802,
56807,
56809,0.0
5681,0.29999999999999993
56810,-1.9999999999999996
56811,-10.999999999999998
56812,
56815,4.999999999999998
56817,5.999999999999999
56819,
5682,2.808666774861361e-16
56820,-6.999999999999998
56824,
56825,
56827,-1.9999999999999996
56828,-3.999999999999999
56830,-1.9999999999999996
56831,
56834,
5684,-1.9999999999999996
5687,-2.8999999999999995
5689,
5690,
5691,0.0
5692,-0.3
5699,-2.4615384615384617
57004,7.999999999999998
57058,
57060,
57074,
57079,
57081,-0.9999999999999998
57083,
57091,
571,5.999999999999999
57370,-2.9999999999999996
57373,0.9999999999999998
5738,3.999999999999999
5739,-1.142857142857143
57436,
57438,
57441,
57442,0.0
57452,0.0
57459,-0.9999999999999998
57460,
57464,
57465,7.999999999999998
57468,
57470,
57472,
5750,0.5000000000000001
5769,-2.499999999999999
57750,2.9999999999999996
5785,-4.999999999999998
5787,4.999999999999998
5792,-1.3571428571428574
57921,
57992,0.9999999999999998
57993,4.999999999999998
57997,
57998,
57999,
58009,4.999999999999998
5801,
58010,3.999999999999999
58013,
58014,0.0
58036,
5808,-2.7999999999999994
5809,6.499999999999999
5811,
58134,3.999999999999999
58136,
58143,3.999999999999999
58144,4.999999999999998
58149,0.0
58152,1.9999999999999996
58155,-8.999999999999996
58156,
58159,-1.9999999999999996
58160,4.999999999999998
58163,-0.9999999999999998
58164,6.999999999999998
58166,
58168,
58169,-0.9999999999999998
58172,8.999999999999996
58174,
58175,-11.999999999999998
58178,
58182,
58184,6.999999999999998
58186,
58190,0.0
58191,
58214,
58241,
58242,3.999999999999999
58246,-0.9999999999999998
58247,
58258,-12.999999999999993
58274,
58282,-6.999999999999998
58293,
58295,
58299,
58328,
58338,-8.999999999999996
58341,
58360,
58362,
5837,4.8999999999999995
5838,-1.9999999999999996
5839,0.0
58393,
58398,8.999999999999996
58404,
5841,-1.8999999999999995
58416,
58418,-2.9999999999999996
58422,8.999999999999996
58425,
58426,-11.999999999999998
58427,-2.9999999999999996
5844,-2.5
5845,
58528,0.0
58619,
58637,2.9999999999999996
58640,
5866,
5872,
58727,-6.999999999999998
58728,
58731,-2.9999999999999996
58734,-5.999999999999999
58742,
58743,1.9999999999999996
58744,
58745,
58746,
58750,
5882,-8.777083671441753e-18
58859,8.999999999999996
58864,-1.9999999999999996
58865,-3.999999999999999
5892,1.9999999999999996
58924,
59064,
59067,5.999999999999999
59069,
59070,
59071,
59073,
59075,
59080,
59084,
59085,
59101,
59116,
59163,-3.999999999999999
59216,
5922,7.499999999999997
59270,
59271,
59278,
59287,
59288,
59299,5.999999999999999
5930,
59300,
59305,
59310,4.999999999999998
59311,
59313,3.999999999999999
59314,
5933,0.19999999999999996
59331,0.9999999999999998
59332,
59333,1.9999999999999996
59338,
59343,-2.9999999999999996
59344,
59345,
59351,
5939,3.999999999999999
5940,-0.5
59417,
5944,0.8000000000000005
5949,0.7499999999999999
5950,
5951,-2.9999999999999996
5953,
5956,
59580,
5959,2.0
59591,
59592,
59594,
59596,
59597,
5960,-3.999999999999999
59600,
59601,
59603,
59605,
59607,
59608,
5961,5.5
59611,
59613,
59620,
5964,
59652,
59655,
59688,
5969,-0.09999999999999998
5972,0.42857142857142844
59724,
59728,
59732,
59734,
59735,
59737,
5977,
5979,8.999999999999996
5985,3.999999999999999
59851,
59873,
59876,
5988,-3.999999999999999
59881,
59883,
599,
5991,0.6000000000000004
59934,
60114,
6025,
6036,
6046,-3.999999999999999
6047,
6048,-1.9142857142857141
60502,
60504,
6054,1.4999999999999982
60543,
6058,5.499999999999997
6060,-1.0
60796,
60797,
6097,4.999999999999999
6160,-1.0571428571428572
6161,-5.0
6162,1.6999999999999997
6179,
6180,1.9999999999999996
62028,
62358,
6236,
6237,-1.5
6238,
6240,1.0000000000000002
6245,-0.34615384615384626
62459,
6247,0.14285714285714282
62473,
6252,
62525,
62526,
6256,11.0
6264,
62650,
62680,
62681,
62693,
62694,
62695,
62708,
6272,2.2999999999999994
62781,
62783,
6281,1.3
6284,0.20000000000000004
6285,1.6428571428571435
62852,
62853,
62854,
62857,
62859,
6286,2.3
62861,
62862,
62864,
62868,
62869,
6287,0.6000000000000001
62871,
62872,
62874,
62875,
62881,
62882,
62883,
62889,
62901,
62902,
62904,
62907,
62908,
62916,
62918,
62922,
62923,
62925,
62926,
62928,
6297,0.0
63019,
63042,
63049,
63053,
63059,
63062,
63063,
63065,
63067,
63070,
63071,
63074,
63077,
63086,
63087,
63088,
63090,
63092,
63093,
63095,
63102,
63112,
63125,
63131,
6319,
6321,0.6999999999999997
6322,-2.8999999999999995
6323,-10.999999999999998
6328,-1.4999999999999998
63387,
6346,
6350,
63504,
6351,6.499999999999998
63513,
63526,
63536,
63538,
6354,-0.5000000000000009
6355,5.6000000000000005
6356,3.1999999999999993
63564,
63565,
63566,
63569,
63570,
63585,
6359,-3.384615384615384
6360,
6362,4.666666666666665
63662,
63663,
63665,
63666,
63667,
63668,
6368,0.33333333333333326
63681,
63703,
63705,
63718,
63719,
6372,
63721,
63722,
63723,
63725,
63726,
63727,
63728,
63729,
63730,
63731,
63733,
63734,
63738,
63739,
63740,
63741,
63742,
63745,
63746,
63748,
63752,
63769,
63786,
63803,
63804,
63805,
63810,
63811,
63833,
63837,
63853,
6389,-2.8999999999999995
63945,
6398,-1.570092458683775e-16
64046,
64056,
6406,4.249999999999999
6412,0.09999999999999998
6414,2.9999999999999996
6417,4.499999999999998
6419,0.6000000000000001
6422,1.2
6423,0.09999999999999994
6424,7.999999999999998
6426,0.3571428571428572
6427,0.0
6429,6.4999999999999964
6436,-1.5714285714285714
6449,0.0
6450,-1.0999999999999994
6452,3.1999999999999993
6455,0.9999999999999998
6460,2.099999999999999
6461,-2.9999999999999996
6462,-0.10000000000000016
6463,1.1999999999999997
6464,3.100000000000001
6465,
6466,0.38461538461538464
6467,
6470,
64726,
6480,
6481,-1.4999999999999991
6486,-0.4999999999999999
64887,
6489,-0.10000000000000002
6491,4.999999999999998
6494,1.4999999999999998
6506,
6509,0.0
6512,-2.6999999999999993
6515,-5.999999999999999
6516,
6518,15.999999999999996
6525,-1.9999999999999996
6526,4.999999999999998
6527,1.7857142857142856
65309,
65310,
65313,
65320,
65326,
65330,
65334,
65335,
65337,
65347,
65348,
65350,
65354,
65355,
65358,
65369,
65372,
65373,
65379,
65390,
65392,
65403,
65407,
65411,
65412,
65416,
65418,
65424,
65450,
6551,2.3999999999999995
6552,
6554,
65562,
6560,0.7999999999999997
6561,3.0999999999999996
6574,
6591,3.6
6592,0.1999999999999999
66178,
6628,-2.0000000000000004
66311,
6643,3.9999999999999987
6647,
66490,
66493,
66494,
66495,
66498,
66499,
6650,
66500,
66501,
66502,
66507,
66508,
6651,0.0
66511,
66513,
66517,
6654,0.3999999999999999
6669,7.499999999999997
6670,
6671,1.5999999999999999
6673,1.1428571428571432
6676,1.6999999999999995
6677,2.9999999999999996
66773,
66816,
6683,0.9000000000000005
66831,
6684,2.542857142857142
6691,8.499999999999998
6692,7.999999999999998
66934,
66935,
66937,
66938,
66943,
66944,
6695,
66953,
66958,
66959,
66960,
66963,
66964,
66965,
66966,
66967,
6697,1.2000000000000008
66971,
66973,
66974,
66975,
66977,
66978,
66980,
66983,
66984,
66986,
66989,
66991,
66992,
66993,
66995,
67002,
67003,
67004,
67005,
67006,
67007,
67008,
67010,
67011,
67012,
67013,
67014,
67018,
67019,
67022,
67023,
67026,
67029,
67030,
67036,
67037,
67067,
67071,
67095,
67097,
6710,
6711,1.9626155733547187e-17
67138,
67139,
67143,
67145,
67149,
67152,
67153,
67155,
67159,
67160,
67162,
67163,
67164,
67167,
67169,
67170,
67172,
67176,
67178,
67180,
67182,
67194,
67202,
67207,
67214,
67216,
67217,
67219,
67233,
67234,
67235,
67236,
67237,
67238,
67239,
67240,
67241,
67242,
67243,
67244,
6725,0.4999999999999999
6726,6.200000000000002
67264,
67273,
67277,
67282,
67316,
67419,
67436,
67437,
67446,
67447,
67448,
67454,
67455,
67459,
67464,
67466,
67467,
67478,
67497,
67498,
67499,
67500,
67507,
67508,
67514,
67517,
67519,
67521,
67525,
67528,
67531,
67532,
67534,
67535,
67536,
67537,
67539,
6754,1.9999999999999996
67540,
67541,
67542,
67545,
67548,
67620,
6763,0.15384615384615385
6764,
67642,
67644,
67645,
6772,-3.314285714285714
6774,0.0
6775,0.0
67825,
6784,
67856,
6790,1.4999999999999993
67934,
67937,
6795,
6797,
67989,
67990,
68,
6804,1.9999999999999996
6806,2.8000000000000007
6815,
6819,1.9999999999999996
68277,
68279,
6828,0.0
68280,
68285,
68295,
68296,
68304,
68307,
68309,
68311,
68316,
68319,
68329,
68330,
68332,
68333,
68337,
68339,
68347,
68353,
68362,
68363,
68365,
68368,
68369,
68407,
68543,
68562,
68566,
68569,
68570,
68572,
68573,
68581,
68582,
6859,
68590,
68591,
68592,
6865,-2.9999999999999996
68746,
6875,
6883,
6884,
68882,
68892,
68893,
6892,
691,
69128,
69153,
6926,
69312,
6932,-0.5000000000000004
69399,
69401,
69402,
6944,0.0
69458,
6956,-2.9999999999999996
6957,0.8
6958,0.33333333333333326
6964,-0.10000000000000016
69697,
6971,-0.7000000000000002
6975,-0.30769230769230754
69801,
69805,
69806,
69807,
69813,
69815,
69818,
69821,
69822,
69825,
69832,
69835,
69838,
69839,
69840,
69842,
69843,
69844,
69847,
69848,
69849,
69853,
69856,
69857,
69858,
69860,
69861,
69869,
69870,
69871,
69875,
69876,
69881,
69882,
69883,
69887,
69888,
69889,
69892,
69893,
69897,
69899,
69901,
69903,
69904,
69905,
69906,
69907,
69908,
69910,
69911,
69912,
69914,
69916,
69917,
69920,
69924,
69925,
69926,
69929,
69931,
69932,
69933,
69981,
70047,
70057,
70067,
70068,
70071,
70072,
7008,-3.499999999999999
70104,
70122,
70123,
70125,
70126,
70127,
70129,
70149,
70157,
70159,
70162,
70163,
70170,
70171,
70172,
70173,
70174,
70175,
70178,
70188,
70190,
70191,
70192,
70194,
70198,
70205,
70206,
70261,
70262,
70263,
70265,
70271,
70273,
70276,
70277,
70278,
70283,
70288,
70292,
70294,
70296,
70297,
70299,
70300,
70301,
70302,
70303,
70304,
70305,
70308,
70309,
70311,
70326,
70329,
70343,
70344,
70364,
70373,
7052,-0.9999999999999998
7059,-1.4999999999999993
7060,0.7000000000000002
7094,2.9999999999999996
7105,0.0
7106,-0.33333333333333326
7107,
71192,
7125,1.0
7130,-0.6999999999999997
71310,
71311,
7140,
7145,
7155,-0.9999999999999998
7162,
7197,-4.499999999999999
72,
7201,
7205,
7215,1.8846153846153852
7217,2.0999999999999996
7218,
7219,
722,2.666666666666666
724,1.0
7240,-3.8999999999999995
7245,2.3076923076923084
7250,0.9285714285714288
7266,-2.3
7269,
7270,-4.5
7276,
7279,2.371428571428571
7292,
7293,0.7000000000000004
7294,
7295,0.9428571428571426
7296,-1.9999999999999991
7297,
7304,-0.8000000000000003
7312,-0.5000000000000001
7322,0.3999999999999999
7324,
7325,3.0
7326,5.142857142857143
7327,1.5999999999999996
7328,0.7999999999999998
7343,3.999999999999999
7344,3.7000000000000006
7354,0.0
7364,2.3
7421,0.0
7427,
7431,-0.9999999999999998
7436,0.5
7442,0.0
7444,0.0
7446,-0.19230769230769237
7449,
7458,
7459,0.0
7468,0.4999999999999999
7469,2.714285714285714
7470,-1.7999999999999994
7471,3.999999999999999
7472,-0.19999999999999984
7473,-0.6999999999999998
7474,
7475,-1.5
7476,-2.9999999999999996
7481,0.9999999999999998
7485,0.0
7487,
7492,-5.999999999999999
7493,
7499,
750,-3.2142857142857144
7501,0.9999999999999998
7503,-1.0999999999999996
7506,
7515,
7521,
7525,
7529,0.7999999999999992
7530,
7532,-1.1999999999999993
7533,5.099999999999999
7535,4.199999999999998
7537,
7540,0.9999999999999998
7544,-1.1000000000000003
7545,-0.20000000000000007
7547,
7550,0.7999999999999995
7552,
7553,2.799999999999999
7569,-1.9999999999999996
7574,1.8999999999999995
7575,
7593,4.999999999999998
7594,0.4999999999999999
7595,1.2499999999999996
7603,-0.4999999999999999
7607,-0.09999999999999988
7609,2.714285714285714
7610,
7612,
7625,-5.999999999999999
7634,0.0
7649,0.25714285714285706
7650,0.0
7658,3.2142857142857153
7663,0.6428571428571432
7665,-1.5999999999999996
7666,0.0
7669,2.642857142857143
768,0.0
7689,-2.9999999999999996
7690,18.99999999999999
7692,
7696,1.0999999999999999
7699,-13.999999999999996
7702,-0.9999999999999998
7721,-1.4000000000000001
7723,-0.5000000000000001
7726,0.3999999999999998
7727,-0.2499999999999999
7734,-0.9999999999999998
7743,0.9999999999999998
7767,
7778,
7802,4.071428571428571
7807,3.1999999999999993
7808,2.9000000000000004
781,-0.39999999999999997
786,-2.8
7895,-0.49999999999999983
7896,0.9000000000000002
7897,0.10000000000000009
7899,3.0999999999999996
7902,
7903,1.0857142857142854
7904,-2.3
7905,9.999999999999996
7906,0.5000000000000006
7920,2.2000000000000006
7935,
7937,1.9999999999999996
7942,0.9999999999999998
7945,0.0
7954,16.999999999999996
7966,5.999999999999999
7967,6.999999999999999
7968,
8009,
8033,
8034,
8035,
8037,
8038,4.0
8040,0.4999999999999999
8041,2.499999999999999
8049,-2.8999999999999995
8050,
8054,-0.7999999999999998
8058,
8059,
8060,
8062,
8068,
8069,-1.1999999999999997
8070,3.499999999999999
8078,0.4999999999999998
8081,-0.9285714285714286
8083,-2.9999999999999996
8084,0.0
8085,0.0
8087,-5.499999999999999
8094,
8098,2.5
8099,0.6999999999999998
8100,-1.9999999999999996
8101,
8106,
8109,0.9999999999999998
8114,-0.34285714285714286
8116,-0.35714285714285704
8120,
8121,
8127,
8137,-1.9999999999999996
8138,
8140,-0.9999999999999998
8141,1.4999999999999998
8143,
8144,1.4999999999999993
8148,
8149,0.0
8150,0.9285714285714286
8151,
8154,0.9999999999999992
8157,
8159,
8163,
8168,
8172,1.0714285714285716
8173,3.999999999999999
8177,-1.0000000000000002
818,-0.7999999999999998
8182,0.9999999999999998
8185,5.499999999999999
820,-6.999999999999998
8207,
8208,3.999999999999999
8211,-0.9999999999999998
8215,-5.999999999999999
8218,
8220,
8221,1.9999999999999987
8224,0.49999999999999983
8235,
8238,
8250,
8261,
8264,-8.999999999999996
8265,
8266,2.8999999999999995
829,3.9000000000000012
8295,1.9999999999999991
830,-1.7000000000000004
8311,
8312,2.9999999999999996
8313,1.214285714285714
8326,5.999999999999999
838,1.1000000000000003
8380,15.999999999999995
8424,
8444,0.9000000000000004
8445,
8483,1.9999999999999996
8486,
8527,0.9999999999999998
8529,
8530,3.1999999999999997
8573,
8580,0.7428571428571425
8614,2.9999999999999996
862,1.0285714285714285
8628,3.999999999999999
8632,0.4999999999999998
8634,4.499999999999999
8635,0.4999999999999999
8639,
8654,0.9999999999999998
8661,5.3
8723,
8727,
8734,-0.2999999999999998
8743,
8746,3.0
8749,
8750,
8751,
8763,
8783,
8805,-9.999999999999996
8844,
8845,-12.999999999999993
8848,-2.9999999999999987
8849,1.4999999999999998
903,-0.49999999999999983
914,-3.5
921,2.499999999999999
925,-0.19999999999999996
930,0.0
988,
