player_id,player_name,role_for_score,SelectionScore,career_batting_runs,career_bat_avg_safe,career_bat_sr_safe,career_bowling_wickets,career_bow_econ_safe,venue_fit_score,runs_slope,wk_slope,career_matches_played
20819,Akhil Scaria,finishing allrounder,0.9171489995162476,604,604,123.77049180327869,71,7.297509829619921,3,20,2,35
20802,Abdul Basith,finishing allrounder,0.9114135503214467,722,722,136.48393194706995,28,7.608695652173913,3,20,1.4999999999999982,45
6452,Harsh Tyagi,batting allrounder,0.90390331,540,540,119.73392461197339,24,7.492822966507177,3,20,2,43
25676,Sajeevan Akhil,finishing allrounder,0.8920882034143943,475,475,110.72261072261072,26,6.824242424242424,3,20,2,33
5680,R Sonu Yadav,finishing allrounder,0.8904135429754799,537,537,129.3975903614458,80,6.9209039548022595,3,16.2,-0.6,49
4758,Amit Sinha,finishing allrounder,0.8680511354953124,507,507,122.16867469879519,15,5.444839857651245,3,20,2,23
5681,Rajkumar Ravichandran,finishing allrounder,0.8662625361647397,554,554,157.83475783475782,18,7.162055336,3,20,0.29999999999999993,34
2862,Sachin Baby,batting allrounder,0.859415677,1579,1579,146.7472118959108,18,7.415929203539823,3,20,0.6285714285714283,45
6494,Manoj Bhandage,finishing allrounder,0.8515418215613383,603,603,171.3068181818182,35,8.810408921933085,3,-20,1.4999999999999998,43
5769,Codanda Karthik,batting allrounder,0.8435427466429887,552,552,132.37410071942446,49,8.068322981,3,9.799999999999995,-2,36
2790,Praveen Dubey,finishing allrounder,0.8434303516403753,487,487,146.24624624624624,31,7.924324324324324,2.3608371773065784,20,0.9999999999999998,38
6463,Shiva Singh,finishing allrounder,0.8418856212163797,358,358,129.71014492753622,24,6.361809045,3,20,1.1999999999999997,41
2257,Chirag Jani,finishing allrounder,0.8369076957491596,580,580,116.70020120724347,61,7.217948717948718,1.7964968014437954,15.3,2,39
4209,PM Anfal,finishing allrounder,0.8342815227925907,376,376,131.01045296167248,29,6.476394849785407,3,20,-0.5,31
42820,Rohan Damle,batting allrounder,0.8285358841200073,536,536,126.41509433962264,20,7.481481481481482,3,20,-2,33
750,Thisara Perera,finishing allrounder,0.8250114277351716,499,499,149.84984984984985,24,8.085287846481876,3,7.099999999999999,-2,36
20023,Karan Sharma,opener,0.8238315408483357,1495,1495,126.58763759525826,13,6.795698924731183,2.946720067671804,20,1.1,47
31706,Sunny Sandhu,finishing allrounder,0.8236350591969739,444,444,137.88819875776397,33,7.273743016759776,3,4.999999999999996,-1.3,28
19700,Prince Yadav,finishing allrounder,0.8223245610496702,627,627,118.30188679245283,21,7.953810623556582,3,-20,2,34
1600,Benny Howell,finishing allrounder,0.8165555944655118,449,449,138.58024691358025,16,6.9553398058252425,3,11.000000000000007,2,23
40282,Nikhil M,finishing allrounder,0.8097824485488705,376,376,137.22627737226279,31,7.928571428571429,3,20,-1.26E-15,29
26836,Vicky Ostwal,finishing allrounder,0.8027820572524541,299,299,115,26,6.718110236220473,3,20,1.9999999999999991,30
4746,Fabid Ahmed,batting allrounder,0.8019770174223666,382,382,116.10942249240122,23,5.970149253731344,2.0989247397373445,20,2,21
20730,Yash Kshirsagar,batting allrounder,0.7999295263121335,532,532,122.29885057471265,9,6.315789473684211,3,13.999999999999991,1.4999999999999993,30
4543,Jagatheesan Kousik,batting allrounder,0.7999100574475572,774,774,117.45068285280729,16,6.776978417266187,3,12.399999999999999,-2,37
6321,Shubhang Hegde,finishing allrounder,0.7999012400304264,683,683,122.1824686940966,59,6.316666666666666,1.3433674581231148,3.699999999999999,0.6999999999999997,50
5957,Rohan Kunnummal,opener,0.7904581386453465,1401,1401,154.63576158940398,,4,3,20,0,41
3281,Mosaddek Hossain,finishing allrounder,0.7870002872016257,528,528,110.69182389937107,24,7.537735849056604,2.2366681022769463,-11.2,0.19999999999999993,48
25679,Salil Arora,top/middle,0.7867225964117542,673,673,147.58771929824562,,4,3,20,0,28
27971,Prerit Dutta,finishing allrounder,0.7864386295633999,435,435,138.53503184713375,35,6.949494949,3,-20,-2,29
7560,Mandar Bhandari,opener,0.7860921934084496,691,691,146.39830508474577,,4,3,20,0,30
6966,Tushar Raheja,top/middle,0.7852898534474059,1317,1317,144.88448844884488,,4,3,20,0,39
1836,Shuvagoto Hom,finishing allrounder,0.7829082397927684,441,441,128.94736842105263,16,7.109826589595376,3,-6.5,1.9999999999999996,33
5650,S Harish Kumar,finishing allrounder,0.7806379652515322,446,446,129.2753623188406,32,8.990066225165563,3,-2,-1,40
6554,Salman Nizar,top/middle,0.7804362590771116,1458,1458,145.36390827517448,1,4.615384615384615,3,20,0,44
45992,Uvaish Ahmed,top/middle,0.7800110120250175,537,537,134.9246231155779,,4,3,20,0,32
20327,Usman Khan,top/middle,0.7794773013166482,849,849,136.2760834670947,,4,3,19,0,37
3578,Imad Wasim,finishing allrounder,0.7790668838817455,279,279,112.95546558704453,29,5.642994241842611,2.391159303,19.071428571428566,1.0000000000000002,25
42866,Om Bhosale,top/middle,0.7783276129202593,859,859,131.74846625766872,,4,3,20,0,35
20831,Krishna Prasad,opener,0.7777227220484407,1054,1054,130.6071871127633,,4,3,20,0,30
4783,Zakir Hasan,top/middle,0.7756441268912161,902,902,126.68539325842697,,4,3,20,0,43
6771,Vishvaraj Jadeja,top/middle,0.7750497279438687,835,835,125.56390977443608,,4,3,20,0,38
5630,Pradosh Paul,top/middle,0.7737482931564473,667,667,109.52380952380952,1,4,3,20,0,34
6462,U Mukilesh,finishing allrounder,0.7735877307028126,630,630,117.97752808988764,11,7.225806451612903,3,8.100000000000001,-0.1,43
497,Tamim Iqbal,opener,0.7727523424564641,1614,1614,122.64437689969606,,4,3,19.4,0,48
4026,Mohammed Taha,opener,0.772173724,1204,1204,152.21238938053096,,4,3,6.399999999999999,0,41
23461,Amith VP,opener,0.771885495,1001,1001,119.59378733572282,,4,3,20,0,38
20829,Abhishek Nair,opener,0.7718655588767959,862,862,119.55617198335645,,4,3,20,0,33
4069,Rohan Kadam,opener,0.7717933831395845,652,652,128.85375494071147,,4,3,20,0,19
2680,Nurul Hasan,finisher,0.771568877,936,936,118.33122629582806,,4,2.964209223409528,20,0,73
2033,Jalaj Saxena,finishing allrounder,0.7700399412313288,304,304,142.05607476635515,34,6.398286937901499,3,20,0.7428571428571428,22
43985,Kartik Sharma,top/middle,0.77,549,549,172.10031347962382,,4,3,20,0,15
19977,Sakibul Gani,batting allrounder,0.7699766233420058,614,614,145.49763033175356,9,6.471910112,3,20,2,18
506,Mohammad Mithun,top/middle,0.7691449603624009,833,833,114.42307692307692,,4,3,20,0,45
37757,R Vimal Khumar,top/middle,0.7667214605909278,600,600,119.28429423459245,,4,3,20,0,27
6645,Mohammad Sheikh,opener,0.7664974498153408,1358,1358,109.42788074133763,,4,3,20,0,64
26908,Aaradhya Yadav,top/middle,0.765895416,704,704,117.72575250836121,,4,3,20,0,30
43931,Abhy Chaudhary,top/middle,0.7640431946150288,567,567,133.09859154929578,,4,3,20,0,17
4372,Rony Talukder,opener,0.762874661,1059,1059,120.75256556442417,,4,3,12.300000000000002,0,48
6526,Himmat Singh,top/middle,0.7620629097243038,1038,1038,145.3781512605042,9,9.664429530201343,3,20,2,41
2463,Ryan Burl,finishing allrounder,0.7616372725826326,682,682,134.2519685,8,7.980861244019139,3,20,2,30
20814,Maruthungal Ajinas,top/middle,0.7602162012798748,681,681,125.87800369685768,,4,3,20,0,30
7542,Ajay Rohera,opener,0.7587968822863234,1067,1067,160.93514328808448,,4,3,20,0,26
5676,Suresh Lokeshwar,top/middle,0.7584461169030385,560,560,122.5382932166302,,4,3,20,0,24
39506,Harsh Sanghvi,top/middle,0.7578502440540701,473,473,146.8944099378882,,4,3,20,0,27
45966,Prashant Veer,finishing allrounder,0.7568701611755883,655,655,135.3305785123967,22,7.080260303687636,1.1391532377758866,20,-1,31
3533,Nikhil Naik,finisher,0.7567293169998638,593,593,146.0591133004926,,4,2.8886149846404137,-1.00E-14,0,30
4027,Melu Kranthi Kumar,finishing allrounder,0.7562542812471603,301,301,138.70967741935485,57,7.967532467532467,3,-20,2,33
42871,Omkar Khatpe,top/middle,0.7560531389803872,564,564,112.1272365805169,,4,3,10.499999999999984,0,28
6488,Harvik Desai,opener,0.7560009829269856,725,725,136.79245283018867,,4,3,20,0,26
3474,Vinoop Manoharan,batting allrounder,0.7540042776128666,611,611,133.6980306345733,9,6.457831325301205,3,20,-2,28
45713,SU Karthik,opener,0.7532176367895794,781,781,140.97472924187727,,4,3,20,0,24
6789,Murtaza Trunkwala,top/middle,0.7526308040770102,605,605,121,,4,3,20,0,27
2800,Ganga Sridhar Raju,opener,0.750346671,968,968,115.65113500597371,13,7.206030150753769,3,-20,0.085714286,39
20866,Muhammed Sharafuddeen,finishing allrounder,0.7495241135193044,324,324,150.69767441860466,54,7.458715596330276,2.524260055016895,20,-2,33
31203,Parswaraj Rana,batting allrounder,0.7489656410243813,424,424,141.33333333333334,21,6.898876404494382,3,20,-0.5,14
5659,Abhishek Tanwar,finishing allrounder,0.7482854452114955,323,323,156.03864734299518,61,7.674418604651163,2.6628725760164333,-13.1,0.3000000000000003,40
42847,Dhanraj Shinde,finisher,0.7474999999999999,636,636,189.28571428571428,,4,3,-20,0,42
20021,Hardeep Singh,finisher,0.7474999999999999,671,671,183.33333333333334,0,6,3,20,0,37
4210,Jafar Jamal,finisher,0.7468865188639205,480,480,134.45378151260505,,4,3,20,0,25
6455,Ninad Rathva,batting allrounder,0.7460474081400936,412,412,135.52631578947367,17,6.778761061946903,2.302881196386096,20,0.9999999999999998,29
58135,Tejasvi Dahiya,top/middle,0.7450000000000001,547,547,173.65079365079364,,4,3,20,0,20
6265,S Sujay,top/middle,0.7434122510973215,491,491,104.46808510638297,,4,3,20,0,27
7731,Neyan Shyam Kangayan,opener,0.742424464,632,632,120.61068702290076,,4,3,20,0,24
5991,Dharmendrasinh Jadeja,finishing allrounder,0.7415405503774416,184,184,126.89655172413794,35,6.5244215938303345,3,6.000000000000001,0.6000000000000004,37
51078,Adarsh Singh,top/middle,0.7411604539649648,660,660,127.65957446808511,,4,3,20,0,23
20801,Akshay Manohar,batting allrounder,0.7384842015589236,609,609,122.28915662650603,4,6.5064935064935066,3,20,-1,30
7134,Luvnith Sisodia,opener,0.7384575142408005,1314,1314,150.86107921928817,,4,3,-20,0,44
20886,Nikhil Thottath,finisher,0.7377833036997739,512,512,135.09234828496042,,4,3,12.999999999999996,0,27
2218,Anamul Haque,top/middle,0.7369432847741036,1282,1282,120.0374531835206,,4,2.580377356844959,11.999999999999996,0,50
2213,Soumya Sarkar,top/middle,0.7363283921091724,844,844,109.6103896103896,9,8.815789474,3,20,0.10000000000000007,53
31707,Rithik S,finisher,0.7362610788719114,450,450,140.18691588785046,,4,3,11.799999999999999,0,31
18161,Bhanu Anand,opener,0.7357481825156176,826,826,126.88172043010752,,4,3,20,0,24
42839,Siddharth Mhatre,finisher,0.7357065687344646,629,629,139.46784922394679,9,8.106870229007633,3,4.499999999999986,-1,37
32488,Ragavan Ramamoorthy,top/middle,0.7355559832416282,692,692,135.95284872298626,,4,3,20,0,24
8096,Anmol Malhotra,top/middle,0.7345833024629291,768,768,143.55140186915887,,4,3,-20,0,28
6945,Nidhish Rajagopal,top/middle,0.7341717099637136,940,940,119.89795918367346,,4,3,-10.3,0,37
5648,Anirudh Sita Ram,top/middle,0.7338038809001839,758,758,115.90214067278288,,4,3,-8.9,0,37
7488,Madhav Kaushik,top/middle,0.7337220042412713,1002,1002,141.92634560906515,,4,3,-20,0,36
33063,S Shivaraj,finisher,0.7327448982012819,553,553,154.46927374301677,0,6,3,3.9000000000000004,0,45
